N,p,n,k,lam,alpha_attr,alpha_rob,alpha_match,scc_outcome,robustness_outcome,match_outcome
12,0.03352973617714982,1,0,3,0.5584,0.3999,0.04170000000000001,5.875,0.6375488281249999,0.41890869140625
11,0.02439275166678046,1,2,3,0.5357,0.3281,0.1362000000000001,5.925,0.8392755681818184,0.4383522727272727
12,0.026050991258391963,4,1,1,0.3052,0.447,0.2478,1.0,1.0,0.5750000000000001
12,0.018857725007804086,4,2,5,0.676,0.0199,0.3041,1.0,1.0,0.5817708333333333
12,0.04441799387631644,4,1,2,0.1124,0.2741,0.6135,1.0,0.7327738444010417,0.485516357421875
10,0.03555352219521558,3,1,2,0.2705,0.3012,0.4283,1.95,0.6972705078125,0.489364013671875
10,0.038488827850326576,2,0,7,0.7161,0.0445,0.2394,1.1,0.6554492187500001,0.509562255859375
11,0.019976172022566817,2,1,4,0.9836,0.0042,0.012200000000000011,2.475,0.6234352805397727,0.39383212002840917
11,0.024109382343062837,2,1,8,0.1833,0.6572,0.1595,5.125,1.0,0.4079545454545455
11,0.020342684051562414,1,0,3,0.9605,0.0018,0.03769999999999999,9.575,0.8171875,0.540625
11,0.035094304605959095,3,0,10,0.6455,0.2238,0.13069999999999998,1.35,0.595516690340909,0.5492256101497934
12,0.039187347417667495,5,2,2,0.1792,0.3623,0.4585,1.0,0.8368448893229168,0.2694058736165365
11,0.027230206885709485,1,1,9,0.9641,0.0335,0.002400000000000011,7.375,0.549715909090909,0.5111505681818181
12,0.030093137249267134,3,2,10,0.988,0.0015,0.010500000000000112,1.125,0.9261027018229167,0.5909291585286457
11,0.03462903501563276,4,1,9,0.193,0.4537,0.3533,1.0,0.5801890980113635,0.24376442649147725
11,0.04944742996228034,3,1,3,0.5885,0.3465,0.065,1.15,0.7628284801136365,0.4429119318181818
12,0.04655978677693969,2,1,5,0.2236,0.5168,0.2596,2.625,0.852734375,0.5467447916666666
10,0.04627540920028261,3,2,2,0.9849,0.0127,0.0024,1.15,1.0,0.5941666666666666
11,0.023103655074287768,2,1,8,0.2895,0.1367,0.5738,3.075,0.7811789772727271,0.47656397964015157
11,0.014596154383807585,5,1,6,0.0067,0.9151,0.0782,1.0,0.7748202237215909,0.46666648171164765
11,0.02387208101064516,4,1,7,0.238,0.5021,0.25989999999999996,1.0,0.8454922762784092,0.5503123890269885
12,0.02378112821283505,3,1,4,0.7046,0.0142,0.2812,1.0,0.814013671875,0.5002604166666667
12,0.014857297972391204,1,1,7,0.959,0.02,0.021,10.7,0.8333333333333334,0.5200651041666667
11,0.03554014867270888,2,0,9,0.5139,0.2147,0.2714,2.0,0.6139470880681819,0.5441844593394886
10,0.045059857246592755,3,2,1,0.6613,0.2569,0.0818,1.2,0.9855078125000001,0.496875
12,0.014751094807925715,1,1,5,0.9534,0.0317,0.0149,6.7,0.6666666666666665,0.4526041666666666
10,0.017951065842009135,4,1,8,0.014,0.529,0.457,1.0,0.9925585937499999,0.5
10,0.04667741160302812,3,0,5,0.767,0.0092,0.2238,1.0,0.8395117187500001,0.46331431995738637
11,0.03036303134398366,2,2,3,0.6503,0.3263,0.02340000000000011,4.65,0.8760564630681819,0.5944385258838384
11,0.023325630828099762,4,0,9,0.2935,0.1432,0.5633,1.0,0.4465975674715909,0.5705587001241298
10,0.03350149244357621,4,1,4,0.5395,0.3596,0.10089999999999999,1.0,0.969677734375,0.47520660400390613
12,0.031841165040884786,3,1,8,0.98,0.0002,0.0198,1.575,0.921685791015625,0.40910059611002614
10,0.011218212400275367,1,0,7,0.3636,0.4199,0.2165,3.1,0.95734375,0.48349564302884607
11,0.04271323373519274,3,1,6,0.7883,0.0042,0.20750000000000002,1.0,0.6444380326704545,0.4840609992221321
10,0.03689348406222176,4,0,2,0.5752,0.3708,0.05400000000000001,1.0,0.80787109375,0.47192370605468736
10,0.049324598385813455,3,0,10,0.2549,0.3268,0.4183,1.0,0.5187158203125,0.5774194335937499
11,0.03238958412663898,1,1,7,0.275,0.4457,0.2793,4.375,0.5376775568181819,0.5177219460227273
12,0.026109344048270457,5,1,4,0.7595,0.1511,0.0894,1.0,0.86585693359375,0.4817474365234375
12,0.03366516515112613,4,2,8,0.1827,0.5614,0.2559,1.0,0.7751342773437501,0.5215464274088542
11,0.017909051958821406,5,1,4,0.4357,0.4402,0.12410000000000011,1.0,0.9906471946022727,0.3667648355062906
10,0.029456620712818883,3,1,7,0.5864,0.2633,0.1503,1.025,0.8034765624999999,0.48443359375000006
11,0.024312390869521874,2,0,1,0.6685,0.235,0.0965,2.675,0.7124156605113636,0.4269198330965908
11,0.039458849328618796,2,2,4,0.4311,0.4906,0.0783,1.125,0.9485329367897727,0.5091233132102272
10,0.03822613042372127,4,2,3,0.9785,0.0035,0.018,1.0,1.0,0.5925
12,0.01323532593584843,3,2,8,0.8215,0.0283,0.1502,1.0,0.95064697265625,0.5812990824381512
10,0.02729698501985421,3,1,1,0.9421,0.0373,0.02059999999999999,1.425,0.84525390625,0.4957142857142857
10,0.04398551983418585,5,0,8,0.3921,0.2346,0.3733,1.0,0.43902832031249994,0.6050935058593749
11,0.013907417629796944,5,1,7,0.7696,0.1088,0.1216,1.0,0.5688498757102274,0.5030406605113636
11,0.03079257552679928,4,0,9,0.3814,0.5248,0.0938,1.65,0.5031449751420455,0.6080406082699309
12,0.033138515484209666,3,0,8,0.1969,0.4131,0.39,1.225,0.9330322265625,0.47533152262369793
11,0.02747797322796637,2,2,9,0.4609,0.5325,0.0066,2.325,0.876424893465909,0.6341663707386364
12,0.04739544343133059,4,2,8,0.6785,0.0793,0.2422,1.0,0.6788085937499999,0.44986826578776035
10,0.026799761447721372,3,1,7,0.4786,0.3183,0.2031,1.0,0.6657958984375,0.6649999999999999
12,0.018183569180329526,1,1,7,0.375,0.3381,0.2869,4.025,0.7283203124999998,0.5825651041666666
11,0.045234310384750266,4,1,5,0.5526,0.1669,0.2805,2.675,0.9748313210227273,0.37443921638257577
11,0.04666144941657229,5,1,0,0.6834,0.0351,0.2815,1.0,0.7385919744318181,0.38783069957386357
10,0.03920116034525324,2,2,4,0.3466,0.5185,0.1349,1.075,0.7821484374999998,0.574052734375
11,0.035503971092080325,5,2,6,0.2992,0.4065,0.2943,1.0,0.6426846590909092,0.5156777121803977
11,0.049815590743126435,4,1,3,0.0524,0.1039,0.8437,1.475,0.6905206853693182,0.5215443004261363
11,0.041986888870579296,3,1,6,0.8535,0.1058,0.040700000000000014,1.65,0.6299027876420453,0.45909645774147734
12,0.03987697999472424,2,2,2,0.9888,0.0068,0.0044,3.05,0.67484130859375,0.4370325159143519
12,0.03681186896151915,3,2,9,0.1948,0.0229,0.7823,1.325,0.6426340738932291,0.5184987190442207
11,0.01851306632990394,3,2,8,0.7778,0.206,0.0162,1.925,0.8774325284090908,0.3101888760653409
10,0.014267042167778519,1,0,10,0.5882,0.2241,0.18770000000000012,3.325,0.9009765625,0.5063020833333332
10,0.036411251526914795,1,0,6,0.4945,0.3785,0.127,5.05,0.6953125,0.49064453124999996
11,0.043934179118887015,3,2,7,0.8487,0.0666,0.0847,1.0,0.7364280007102273,0.4942466042258523
11,0.033378182884618676,5,1,10,0.2776,0.5366,0.1858,1.0,0.7727827592329546,0.45598089044744317
11,0.020277105770919037,2,2,5,0.6266,0.3038,0.06959999999999988,4.675,0.7162997159090909,0.30722064393939397
11,0.026008022192652025,5,1,3,0.7611,0.0006,0.2383,1.025,0.7196355646306818,0.43249095569957385
10,0.044764834386943494,2,1,9,0.1985,0.4378,0.3636999999999998,1.65,0.80921875,0.39778645833333337
10,0.017035957319831145,4,2,3,0.6832,0.1672,0.1496,1.0,0.5797216796875,0.39012255859375
12,0.03443429300641275,2,2,1,0.8794,0.1144,0.006200000000000011,3.65,0.93271484375,0.5020833333333334
11,0.026060226554487552,5,1,3,0.495,0.4325,0.0725,1.0,0.9702370383522727,0.6265115316812093
10,0.0232688970953416,5,1,9,0.9899,0.0035,0.0066,1.0,0.6339794921874999,0.619732666015625
12,0.020130888583425266,3,1,9,0.2837,0.5894,0.1269,1.0,0.8831736246744791,0.19899851481119793
12,0.02525847790301676,2,1,10,0.393,0.3001,0.3069,3.625,0.9042317708333332,0.4958333333333333
11,0.03948987268125149,2,0,5,0.5375,0.3778,0.0847,1.125,0.981704989346591,0.2909022475733902
11,0.015068420917941104,2,1,3,0.3361,0.6066,0.0573,1.05,1.0,0.7227272727272729
12,0.012883590586721888,3,1,0,0.0042,0.8832,0.1126,1.0,0.8494466145833334,0.399391098022461
12,0.03924465644886982,4,1,2,0.5294,0.2716,0.199,1.825,0.7938120524088543,0.6185487535264755
11,0.029801394442991576,5,0,8,0.6976,0.1152,0.18719999999999998,1.0,0.6252663352272728,0.49162777599584545
12,0.01664257109426542,4,0,2,0.3956,0.4174,0.187,1.0,0.9658894856770834,0.4041254467434355
10,0.016956242291915537,2,2,4,0.0868,0.9057,0.007500000000000111,3.725,0.924912109375,0.4930419921875
11,0.02934553654710368,1,1,9,0.0431,0.7862,0.1707,2.0,0.8014382102272727,0.4514137961647727
11,0.03532902595075859,2,1,8,0.8438,0.0814,0.0748,2.5,0.74482421875,0.6116854580965909
10,0.04735055063651424,3,2,8,0.046,0.3168,0.6372,1.2,0.7859570312499999,0.5399658203125
10,0.019057907980667657,1,1,8,0.2681,0.4382,0.2937,6.3,0.5584374999999998,0.43698459201388873
10,0.034047721621264064,1,1,8,0.7705,0.1961,0.03340000000000001,4.85,0.5856250000000001,0.49964285714285717
12,0.04866358770539496,2,2,3,0.0905,0.7927,0.1168,2.1,0.97841796875,0.5434407552083333
11,0.049976667256667655,3,0,5,0.486,0.3187,0.1953,1.075,0.8908491654829543,0.5411099520596592
10,0.01486749298240483,5,1,1,0.7101,0.2497,0.040200000000000014,1.0,0.987060546875,0.5813134765624999
11,0.016810366222149705,1,2,7,0.5824,0.0372,0.3804,5.35,0.8193181818181816,0.33494318181818183
11,0.04740531114527691,3,1,5,0.0779,0.3543,0.5678,1.85,0.84345703125,0.7540793678977273
11,0.015855700451232232,1,2,6,0.7646,0.115,0.1204000000000001,6.025,0.798046875,0.570614346590909
11,0.03608799006976318,3,0,9,0.7485,0.2455,0.006,1.3,0.9978626598011363,0.533500453404018
10,0.04082158798123892,2,1,3,0.253,0.1767,0.5703,2.4,0.6714453125000002,0.6379638671875
11,0.017466259572378885,4,2,5,0.7996,0.082,0.1184,1.0,0.9982688210227273,0.7180952592329545
12,0.016542242481084553,4,0,7,0.6006,0.0759,0.3235,1.025,0.689312744140625,0.47997168081778063
10,0.04796186116886828,4,0,9,0.1859,0.7895,0.02459999999999999,1.025,0.9829296875000001,0.5114861111111109
12,0.04360466403441553,2,0,8,0.7393,0.2604,0.00029999999999998897,1.25,0.5941467285156249,0.37497019449869795
10,0.028933139444915185,5,0,3,0.4016,0.0321,0.5663,1.0,0.3908837890625,0.4562652205650252
11,0.024472512177279,3,2,2,0.6797,0.0086,0.3117,2.0,0.8109552556818184,0.3267200816761363
10,0.0331637785622169,3,1,3,0.7986,0.025,0.1764,1.475,0.70984375,0.6337011718750001
10,0.03602305057756317,3,0,4,0.9567,0.0335,0.00979999999999999,1.0,0.704072265625,0.5786474609375001
12,0.0236480664942667,4,1,5,0.8641,0.1344,0.001500000000000111,1.0,0.7763387044270832,0.5051782678674768
10,0.0422668310550712,5,2,2,0.2289,0.2792,0.4919,1.0,0.787099609375,0.778837890625
10,0.03518400430322463,3,0,1,0.4743,0.5023,0.02340000000000001,1.275,0.5946386718750001,0.6494265950520832
10,0.03450336953679482,5,1,8,0.114,0.7754,0.11060000000000002,1.125,0.8152685546875,0.518804931640625
12,0.019395654887891633,1,0,6,0.6746,0.1594,0.16599999999999998,8.775,0.751953125,0.5003655327690972
11,0.02826280211800245,5,0,4,0.7647,0.2047,0.0306,1.0,0.8419788707386363,0.45030428799715916
11,0.023618725935268786,2,1,2,0.6809,0.1697,0.14940000000000012,8.5,0.840056818181818,0.6094460227272729
12,0.01210517669579596,4,1,8,0.8844,0.0524,0.0632,1.025,0.6767852783203124,0.6624108208550347
10,0.028834991435657265,4,2,4,0.0766,0.6144,0.309,1.0,0.619140625,0.5946649169921876
11,0.010598886167720138,3,2,1,0.1869,0.3929,0.4202,1.05,0.9768022017045453,0.5386363636363637
11,0.02622672933595483,2,2,9,0.6968,0.2923,0.0109,1.525,1.0,0.5386363636363637
11,0.04083494017977731,3,1,6,0.2059,0.25,0.5441,1.1,0.862890625,0.4611772017045455
12,0.0210931219648103,1,0,2,0.686,0.3063,0.0077,3.625,0.67626953125,0.55712890625
12,0.0436856594687596,5,1,1,0.1075,0.038,0.8545,1.0,0.8918802897135418,0.4841077677408855
11,0.046784994248951293,1,1,2,0.6237,0.1184,0.2579,7.325,0.740909090909091,0.45
11,0.029664262185512727,5,1,10,0.2226,0.467,0.3104,1.0,0.6192271839488634,0.4869845303622159
11,0.017019345600812308,4,0,8,0.5397,0.0058,0.4545,1.0,0.6881591796875,0.5444364513050426
10,0.0481400583697007,2,1,4,0.3761,0.5606,0.0633,2.3,0.7387304687500003,0.50806884765625
11,0.015319997466645235,5,1,5,0.2472,0.0928,0.66,1.0,0.7970814098011364,0.5890769264914772
11,0.03100670753572512,3,2,1,0.7418,0.0567,0.20149999999999998,1.375,0.9953657670454545,0.4576586174242424
10,0.0464426474218084,5,2,1,0.0787,0.3527,0.5686,1.0,1.0,0.875
11,0.04526807652206515,1,1,8,0.0044,0.0943,0.9013,7.15,0.7295454545454546,0.575284090909091
10,0.04922876767927546,2,1,6,0.5797,0.2696,0.1507,2.325,0.96267578125,0.49749999999999994
10,0.010486601472483224,2,1,1,0.1702,0.5735,0.25630000000000003,1.575,0.8032714843750002,0.5842616489955358
10,0.032220330338342776,1,2,2,0.8518,0.0319,0.1163,5.075,0.6572265625,0.49015625000000007
10,0.013016475736382432,4,0,5,0.6015,0.0854,0.3131,1.0,0.5203222656250001,0.5629682617187501
11,0.01655140503385366,4,1,7,0.5148,0.2805,0.20469999999999988,1.0,0.6765181107954545,0.43256983901515156
10,0.035485342572570654,2,2,10,0.2702,0.6706,0.05920000000000001,2.125,0.68388671875,0.38670605468749997
10,0.016970105407971402,2,1,10,0.1504,0.3517,0.4979,1.025,0.7236865234375001,0.41617065429687494
11,0.016006060578351237,2,2,1,0.0713,0.8017,0.127,7.45,0.9113636363636364,0.3917613636363636
12,0.02841725019582185,2,0,8,0.797,0.1591,0.0439,1.7,0.8321248372395835,0.48113897414434526
11,0.048219088382793554,5,0,6,0.5541,0.3081,0.1378,1.0,0.3801868785511363,0.5568083448533889
11,0.024487971438677987,3,0,1,0.8457,0.1016,0.05270000000000001,1.025,0.5129572088068182,0.566817959872159
11,0.03252343807145252,2,1,10,0.4413,0.258,0.3007,1.175,0.7068181818181818,0.5394176136363636
12,0.022629017944866443,4,2,10,0.7283,0.0503,0.2214,1.0,1.0,0.6661458333333332
11,0.03573717482269966,2,2,0,0.5664,0.0566,0.377,1.975,0.6480291193181819,0.484765625
10,0.012695631677430291,2,1,4,0.7037,0.2159,0.0804,1.075,0.9725781250000001,0.45712890625
11,0.0442842231198337,2,1,7,0.3251,0.1874,0.4875,2.075,0.6819069602272727,0.5063299005681817
12,0.042961909317670466,4,0,8,0.2709,0.3609,0.3682,1.0,0.3476236979166666,0.541665601911174
11,0.02740671675586212,4,2,3,0.5112,0.1562,0.3326,1.0,0.618896484375,0.698312655362216
12,0.02996978134541689,2,1,3,0.5216,0.3969,0.08150000000000011,4.1,0.7255767822265626,0.5819254557291667
12,0.03765135021476706,5,2,4,0.2261,0.0024,0.7715,1.0,0.92763671875,0.44936349051339286
10,0.048535441636794505,5,0,7,0.5313,0.3202,0.1485000000000001,1.0,0.7073974609375,0.4451148015802556
12,0.031673084192763386,1,2,6,0.7555,0.1123,0.1322000000000001,9.1,0.8375,0.50625
11,0.03265918923928855,1,2,2,0.6333,0.2738,0.0929,7.05,0.8209517045454546,0.452059659090909
11,0.044830874977892385,3,2,10,0.1746,0.4118,0.4136,2.475,0.7260564630681818,0.5530939275568182
11,0.03732670446713237,2,1,5,0.5267,0.0978,0.3755,2.1,1.0,0.45227272727272727
12,0.04039850856871465,3,1,5,0.808,0.1184,0.07359999999999987,1.05,0.8120096842447916,0.5930676269531251
12,0.0311342744399917,4,1,2,0.2445,0.4588,0.2967,1.15,0.678192138671875,0.44000100756448407
11,0.029989116710607708,1,1,1,0.9198,0.0544,0.0258,6.85,0.6559659090909092,0.5109848484848485
10,0.013628689162467898,4,1,0,0.145,0.4025,0.4525,1.0,0.45937011718749987,0.5618408203125
11,0.03832878728180155,2,2,5,0.9956,0.002,0.002400000000000011,2.95,0.7306818181818182,0.5144886363636363
10,0.02973642881597366,3,1,2,0.067,0.5973,0.3357,1.0,0.98951171875,0.3959765625
11,0.030291906073066074,3,2,7,0.9381,0.0199,0.04200000000000001,1.0,1.0,0.6672727272727272
10,0.015045309001596865,1,1,3,0.7942,0.0111,0.1947,2.975,0.7075,0.47417968750000006
11,0.03393065381293347,1,1,3,0.5435,0.2491,0.2074,2.725,0.8204545454545453,0.45681818181818185
10,0.01740593667066075,2,2,7,0.2474,0.7205,0.0321,1.975,0.7176953125,0.778199462890625
11,0.026038412188783472,3,2,3,0.9363,0.019,0.04469999999999999,1.0,0.7991832386363636,0.480859375
11,0.045519821934018205,5,0,1,0.9697,0.025,0.0053,1.0,0.44354580965909085,0.5097104097616791
11,0.03308222985286467,2,1,3,0.8061,0.1286,0.06529999999999987,1.625,0.9000088778409092,0.3953062855113636
10,0.03773621580394378,4,1,8,0.6062,0.2631,0.1307,1.0,0.65646484375,0.5827815755208332
10,0.041424466985179,2,0,6,0.0828,0.1419,0.7753,2.975,0.93525390625,0.5190321568080357
12,0.030393048922951464,5,1,6,0.585,0.0878,0.3272,1.0,0.593975830078125,0.6900764465332031
11,0.04370063310032368,3,1,3,0.2334,0.4343,0.3323,1.225,0.6944624467329545,0.5949435147372159
12,0.04861128880301211,3,0,9,0.7483,0.0012,0.2505,1.075,0.9002593994140625,0.49255225771949396
11,0.02668203671300852,4,1,3,0.8428,0.0097,0.1475,1.0,0.7454301313920454,0.5056385387073863
10,0.03375272995394041,2,2,8,0.7196,0.1341,0.1463,3.225,0.9268750000000001,0.44904296875
11,0.015553599036411167,2,1,9,0.2921,0.2066,0.5013,1.025,0.9902188387784092,0.6345890193790584
12,0.048564649063824974,2,0,4,0.7149,0.0095,0.2756,5.275,0.6976806640625001,0.4228759765625
12,0.011604566068414434,4,1,3,0.1289,0.0321,0.839,1.225,0.914385986328125,0.3496246337890625
11,0.03066448710126707,2,0,1,0.1426,0.3679,0.4895,1.25,0.7271262428977273,0.45998168945312495
10,0.028474157412319172,3,0,5,0.2752,0.2092,0.5156,1.3,1.0,0.495
11,0.024219158152633542,4,1,7,0.6033,0.1397,0.2570000000000001,1.0,0.7385919744318181,0.6231534090909089
10,0.03480557892250518,1,0,9,0.9732,0.0178,0.009,6.975,0.656875,0.47625
11,0.02098689377239228,2,2,5,0.816,0.0476,0.1364000000000001,5.5,0.8338068181818183,0.5980113636363636
12,0.013328800665773716,4,0,9,0.4091,0.3333,0.2576,1.5,0.887646484375,0.44267323811848963
10,0.02819652344194328,3,1,8,0.8511,0.0467,0.10220000000000011,1.05,0.94744140625,0.77643310546875
10,0.010328490717012632,4,1,2,0.9521,0.015,0.0329,1.0,0.5429199218749999,0.6051188151041667
11,0.017205405148657857,2,2,9,0.6715,0.2544,0.0741,3.325,0.6003373579545456,0.5086847478693182
11,0.046237254534901524,3,1,7,0.5926,0.0927,0.3147,1.0,0.8566938920454547,0.5092108339251894
11,0.02959384285822042,2,0,8,0.503,0.0175,0.4795,2.75,0.4047119140625,0.4880763198390152
11,0.03377902563651776,3,0,6,0.2014,0.7349,0.0637,1.2,0.602554598721591,0.6778233119419643
11,0.024855825025087458,3,2,1,0.5456,0.195,0.2594,1.0,1.0,0.45
12,0.030048360296314372,3,1,4,0.1875,0.0384,0.7741,1.05,0.9863606770833332,0.5173993428548176
11,0.02788843120052286,1,2,9,0.3009,0.0289,0.6702,6.9,0.7894886363636363,0.5936333198051947
11,0.04195833440152678,4,1,7,0.5387,0.3675,0.0938000000000001,1.0,0.6798184481534092,0.4545454545454545
10,0.03607945563198143,2,1,2,0.5984,0.0959,0.3057,4.575,0.68234375,0.49020833333333325
11,0.01523499565564113,3,0,9,0.7552,0.1901,0.0547,1.4,0.9372869318181817,0.5001057017933237
11,0.013984821396697652,4,1,2,0.5713,0.1365,0.2922,1.0,0.9263671875,0.5196303858901515
10,0.012597236554183848,2,0,8,0.2365,0.4365,0.327,1.125,0.9546777343749999,0.5068582589285713
11,0.03000841227141076,2,1,6,0.1843,0.4835,0.3322,4.425,0.8753551136363636,0.5909090909090909
10,0.0472150108287005,4,1,6,0.6024,0.0839,0.3137,1.0,0.5526806640624999,0.5153813476562499
10,0.031775829177889375,1,0,5,0.9429,0.0452,0.011899999999999989,3.5,0.5605859375,0.46099609375000006
11,0.02186513712552361,4,2,9,0.5244,0.0282,0.4474,1.0,0.832941228693182,0.43851207386363633
12,0.027021249128106502,3,1,5,0.7658,0.2066,0.0276,1.0,0.9800455729166668,0.5756664830395299
10,0.013216381887532696,4,0,7,0.6404,0.3376,0.022,1.0,0.6908593749999999,0.41752583451704545
10,0.03160961670457758,3,0,5,0.6226,0.3332,0.0442,1.0,0.9349414062499999,0.47068705240885417
12,0.02434471082357454,4,2,9,0.7207,0.0451,0.2342,1.0,0.7695007324218751,0.650458984375
11,0.042148871345773706,4,1,5,0.9979,0.002,0.0001,1.275,0.7516978870738636,0.5495754436806684
11,0.048440050850992275,5,1,7,0.5781,0.0758,0.3461,1.0,0.7519708806818183,0.55
12,0.021369008775020657,4,1,6,0.0506,0.343,0.6063999999999999,1.0,0.9970479329427082,0.4980135599772136
10,0.017213755263908125,3,0,3,0.192,0.7132,0.0948,1.0,0.6155224609374998,0.45512939453124995
11,0.04732033139638605,4,1,3,0.2229,0.7716,0.005500000000000011,1.0,0.6888205788352272,0.3686688311688312
11,0.03743092269450173,2,1,2,0.225,0.7434,0.031600000000000114,1.725,0.5703835227272729,0.5730112953452796
11,0.032436196490479324,4,0,4,0.5038,0.0746,0.4216,1.2,0.919497958096591,0.48470383320958155
10,0.011424463466793678,2,1,6,0.7362,0.1947,0.0691,2.85,0.647705078125,0.519632568359375
11,0.027415941477424377,2,1,2,0.3937,0.0134,0.5929,1.3,0.7943359375,0.5859197443181818
12,0.04542847894007359,4,1,10,0.7299,0.0974,0.1727,1.0,0.6934733072916666,0.6064856465657552
11,0.02637449220633091,2,1,3,0.8725,0.1147,0.012800000000000011,8.4,0.8227272727272726,0.4767045454545455
10,0.024810648749380645,2,1,9,0.0331,0.4206,0.5463,5.125,0.7047607421875,0.5996712239583333
11,0.025381497267189378,1,0,5,0.322,0.6353,0.0427,9.3,0.7742542613636363,0.41645190746753247
11,0.014069500766513868,2,1,6,0.9094,0.0095,0.0811,7.1,0.800568181818182,0.5706214488636363
10,0.027481039883216568,2,1,6,0.0562,0.2695,0.6743,4.05,0.9268750000000001,0.4114375
11,0.020179042306465476,1,0,5,0.7397,0.2203,0.04,8.025,0.640909090909091,0.4552556818181818
12,0.01758562939793648,3,2,5,0.1806,0.3014,0.518,1.025,0.726971435546875,0.5004160563151042
11,0.0113967135513455,2,1,4,0.5876,0.1208,0.29159999999999997,1.55,1.0,0.5874999999999999
11,0.043582720739645656,3,1,9,0.3346,0.6242,0.04119999999999999,1.175,1.0,0.5454545454545454
11,0.036425080934724255,5,0,4,0.8249,0.0177,0.1574,1.0,0.974755859375,0.5335671164772728
11,0.0483998924252278,3,1,4,0.8398,0.0744,0.08580000000000002,2.575,1.0,0.6363636363636364
11,0.03846637936673844,1,1,1,0.4698,0.2787,0.2515,4.975,0.6528586647727274,0.2952947443181818
11,0.041141424652972505,5,0,9,0.4805,0.1755,0.3440000000000001,1.0,0.950439453125,0.5145609945288423
10,0.04674294795313847,2,0,5,0.9323,0.0654,0.0023,3.35,0.76630859375,0.43844628906250005
12,0.011915520439776481,2,0,6,0.3606,0.2357,0.4037,2.05,0.609283447265625,0.44140633477105035
11,0.016868530300592433,2,1,5,0.7874,0.1145,0.0981,1.575,0.6215775923295455,0.4804620916193182
11,0.025853535562612925,4,0,5,0.504,0.137,0.359,1.0,0.7191051136363636,0.5085337056742087
11,0.04867006141345938,4,1,7,0.3551,0.3313,0.3136,1.0,0.5472412109375,0.5538901589133524
11,0.01849577718147157,2,2,9,0.4876,0.1045,0.4079,3.375,1.0,0.54375
12,0.0394288449272303,4,1,3,0.2915,0.5467,0.1618,1.025,0.9414021809895834,0.552286031971807
10,0.03170272361706113,3,1,9,0.5768,0.0183,0.4049,1.0,0.9910839843750001,0.7914418247767857
11,0.02706853279296593,4,1,1,0.7329,0.2427,0.024399999999999988,1.0,0.9914972478693181,0.0954378995028409
10,0.03881028465242319,5,2,7,0.8424,0.0388,0.1188,1.0,1.0,0.4
12,0.02128122006297868,4,1,1,0.4239,0.0658,0.5103,1.0,0.8274658203125,0.573530748155382
11,0.011433876946894865,3,1,5,0.098,0.8527,0.0493,2.85,1.0,0.6318181818181818
11,0.04541485424696145,4,1,8,0.3208,0.1544,0.5248,1.0,0.6277099609375,0.6401147259168388
10,0.04356904646601638,3,2,5,0.1467,0.8054,0.0479,1.4,0.780625,0.43296875
10,0.04797693103968866,4,1,5,0.933,0.027,0.04,1.0,0.9891699218750001,0.40185791015624994
10,0.01959517397787367,3,0,4,0.6759,0.1653,0.1588,3.375,0.7185644531250001,0.48753173828125007
11,0.01773771937234477,1,0,4,0.1659,0.2294,0.6047,8.6,0.6451704545454545,0.455990323153409
11,0.03312586956054258,3,1,2,0.7939,0.1798,0.0263,2.875,0.955681818181818,0.5691051136363636
12,0.033423494279997884,4,0,1,0.983,0.0146,0.002400000000000111,1.0,0.8911102294921875,0.6543192545572916
11,0.04213339626995216,2,2,8,0.9026,0.0704,0.027,4.25,0.6218572443181818,0.6631842278814934
12,0.046326248478185,3,2,4,0.4684,0.3435,0.1881,1.075,1.0,0.6645833333333332
11,0.019074262416665065,5,1,2,0.0607,0.639,0.3003,1.0,0.8403719815340907,0.5621260209517045
11,0.02133597519375734,5,1,7,0.1006,0.3598,0.5396,1.0,0.9409002130681816,0.5663466944839015
11,0.021992135624662748,5,1,5,0.3981,0.1914,0.41050000000000003,1.0,0.508056640625,0.6298276034268465
12,0.022601485810223924,2,1,8,0.8132,0.0517,0.1351,1.975,0.816552734375,0.35400390625000006
11,0.03520095718432097,2,1,4,0.1982,0.1375,0.6643,5.25,0.6651899857954544,0.3554181463068181
10,0.03413002415752141,1,1,1,0.2494,0.1545,0.5961,4.4,1.0,0.495
11,0.0139873767415102,4,0,5,0.1051,0.6046,0.2903,1.0,0.49837757457386367,0.5257314095621883
11,0.017012967238890266,3,0,10,0.1067,0.8746,0.0187,1.0,0.7144797585227274,0.5600332512133048
12,0.027707360180649204,2,1,10,0.2292,0.6949,0.0759000000000001,1.85,0.6812286376953126,0.624549438014175
11,0.01909000969216578,2,1,8,0.6899,0.0662,0.2439,2.2,0.602605646306818,0.5700961766098486
11,0.043735448507445054,5,2,2,0.8233,0.03,0.14670000000000002,1.0,0.8801535866477274,0.5481449011600379
11,0.04422583377228183,3,0,4,0.8122,0.0512,0.1366,1.0,1.0,0.5365584415584415
12,0.03536550607540328,3,2,6,0.8349,0.1379,0.0272,1.025,0.994683837890625,0.33805541992187493
12,0.01896497380837337,2,1,2,0.5906,0.0801,0.3293,8.6,0.751708984375,0.47852213541666677
11,0.025118968848720676,3,0,3,0.969,0.0105,0.020500000000000112,1.875,0.4791748046875,0.43049223928740527
11,0.016921915900688853,4,1,9,0.015,0.5508,0.4342,1.0,0.9919655539772727,0.5286128373579546
11,0.03587765458955727,4,0,7,0.4853,0.0141,0.5006,1.0,0.3382723721590909,0.5113229838509769
10,0.03471873840212353,5,0,9,0.6133,0.1728,0.2139,1.0,0.8699365234374999,0.5769215562608507
11,0.027317223153437993,1,1,8,0.9099,0.0207,0.0694,2.025,0.6648570667613638,0.4920276988636364
12,0.012240576308971617,4,0,5,0.4709,0.1929,0.3362,1.05,0.7041605631510417,0.5069226758086047
10,0.04685085621414256,3,1,0,0.3327,0.1787,0.4886,1.8,0.9996386718749999,0.7924755859375
12,0.022625351748658373,2,2,10,0.6148,0.3018,0.0834,4.275,0.6906453450520832,0.4468190511067708
10,0.02907823067823996,2,0,4,0.168,0.4735,0.3585,5.45,0.805,0.57125
10,0.048411236647130186,5,1,3,0.2687,0.3087,0.4226000000000001,1.0,0.7825292968749998,0.40225830078125
11,0.010223096598330182,3,1,10,0.4137,0.3997,0.18660000000000002,1.0,0.9949795809659092,0.5477272727272726
11,0.040916392886788035,2,0,3,0.1343,0.7921,0.07360000000000001,4.275,0.7977982954545453,0.5006303267045455
12,0.025183716990409458,5,2,9,0.3181,0.2257,0.4562,1.0,0.8428324381510418,0.5865494622124567
10,0.04773543873838645,1,0,0,0.4526,0.2849,0.2625,4.725,0.9925,0.6
11,0.033626776734760694,5,2,3,0.2578,0.6643,0.0779000000000001,1.0,1.0,0.5454545454545454
12,0.018837060032396123,3,1,5,0.4633,0.4212,0.1155,1.0,0.8240681966145834,0.33625284830729163
10,0.020736663662117644,3,2,7,0.2573,0.5885,0.15419999999999998,1.0,0.780625,0.526875
11,0.01963284352981201,2,1,2,0.4439,0.4208,0.1353,3.35,0.8171875,0.4591264204545455
10,0.03653757363084841,2,0,9,0.1464,0.8515,0.002099999999999989,1.05,0.547216796875,0.47586853027343745
10,0.023605702427893945,4,1,8,0.5173,0.3685,0.11420000000000001,1.025,0.8809814453125,0.6183004324776785
10,0.04095119167292173,2,1,10,0.4667,0.2681,0.2652,5.875,0.8049999999999999,0.6420605468749999
10,0.013291242386567582,2,1,9,0.4199,0.4155,0.1646000000000001,1.1,0.979052734375,0.50392822265625
11,0.04012610778836016,3,0,2,0.2672,0.7143,0.01849999999999999,1.075,0.982040127840909,0.5151292835582385
10,0.043499172080070064,1,1,6,0.1649,0.2807,0.5544,6.425,0.82640625,0.670625
10,0.01556334304840308,4,1,0,0.4493,0.2083,0.3424,1.025,0.6766699218750001,0.73221435546875
11,0.017093745522707746,5,2,4,0.5177,0.1394,0.3429,1.0,0.9658291903409092,0.5535283868963068
10,0.04406293986068001,3,0,7,0.5645,0.1886,0.24689999999999998,1.075,0.670625,0.371627197265625
11,0.023475850037486708,2,1,3,0.4283,0.24,0.3317,3.525,0.8061079545454547,0.694140625
12,0.020029237941272926,2,1,5,0.9127,0.0716,0.0157,4.45,0.9771484375,0.471826171875
11,0.014625376806557542,1,1,7,0.6019,0.2207,0.1774,2.2,0.7482865767045455,0.5166903409090908
11,0.018826039340784466,5,1,4,0.5422,0.3963,0.0615,1.0,0.5991455078125,0.6350378787878788
11,0.047248930413769326,5,1,5,0.7579,0.0679,0.1742,1.0,0.5038707386363637,0.607763671875
12,0.013492807669865724,4,1,7,0.7727,0.2146,0.0127,1.0,0.691741943359375,0.5154078165690106
10,0.018441853526775225,2,2,8,0.1,0.6575,0.2425,1.025,0.996572265625,0.3053808593749999
10,0.019515490373846922,4,1,3,0.1591,0.5405,0.3004,1.925,0.909736328125,0.4246378580729166
12,0.017357828059967686,3,1,1,0.2424,0.7388,0.0188,1.075,1.0,0.54625
12,0.042361478223297916,3,2,7,0.3439,0.5448,0.11130000000000001,3.125,0.83748779296875,0.5019618685283358
11,0.04685815253454116,3,1,7,0.9437,0.0144,0.0419,1.025,0.7453435724431818,0.554519930752841
10,0.027503174743170967,3,1,4,0.6176,0.2024,0.18,1.275,0.992783203125,0.5967382812499998
10,0.014611615077245987,4,2,5,0.4974,0.3039,0.1987,1.0,1.0,0.2975
11,0.03191494294198681,3,2,2,0.3745,0.2184,0.4071,1.0,0.6430308948863637,0.6883722478693182
11,0.012130268654829003,3,1,2,0.8444,0.1441,0.01150000000000001,1.95,0.8568314985795453,0.41009743430397716
11,0.04716079416468707,4,1,6,0.0055,0.7183,0.2762,1.0,0.8418590198863637,0.7181035822088069
12,0.04888925518845082,3,1,9,0.3033,0.5336,0.1631,1.675,1.0,0.44416666666666665
10,0.04637998298779868,1,2,4,0.8,0.0234,0.1766,3.0,0.805,0.5024999999999998
12,0.03140554949785353,3,1,3,0.349,0.3818,0.2692000000000001,1.175,0.7966756184895833,0.6035980224609375
12,0.02917717271406136,2,2,0,0.8237,0.0237,0.1526,7.5,0.8256551106770832,0.5229288736979166
11,0.03403119502707267,1,2,1,0.9398,0.0126,0.047600000000000114,5.075,0.9977272727272727,0.6275568181818182
12,0.023741509611165616,3,2,5,0.7473,0.0133,0.2394,3.875,1.0,0.4166666666666667
11,0.022759596091233514,3,1,4,0.2891,0.6951,0.015799999999999877,1.425,0.6392223011363636,0.6658796830610795
12,0.019124445317670193,5,2,2,0.276,0.2493,0.4747,1.0,0.9775349934895834,0.5117986297607422
11,0.049632315374227416,4,1,3,0.4225,0.5074,0.0701,1.0,1.0,0.8977272727272727
10,0.02130752208791602,2,0,4,0.1835,0.6438,0.1727,2.0,0.9147265625,0.31153076171875
11,0.042508095063519956,2,0,1,0.5659,0.3193,0.1148,1.55,0.9899591619318183,0.27757546164772723
12,0.047935893685559824,2,0,9,0.4722,0.4452,0.0826,5.275,0.7401814778645832,0.45484246148003465
10,0.014830572261709302,4,1,2,0.8605,0.0387,0.1008,1.0,0.8353320312499999,0.42216796875
11,0.04165114361002701,3,1,0,0.5749,0.3585,0.0666,1.0,0.7347523082386365,0.6833362926136364
10,0.0388992315073934,4,2,7,0.7841,0.03,0.1859,1.0,0.7787207031250001,0.5218164062499999
10,0.015609224315580743,4,1,9,0.9565,0.0379,0.0056,1.0,0.7610888671875,0.6736474609374999
12,0.032474317145262624,2,1,1,0.481,0.1385,0.3805,1.95,0.9873006184895836,0.50035400390625
11,0.02124539405890498,4,2,4,0.2035,0.1937,0.6028,1.0,0.7262140447443182,0.34690940163352274
11,0.04202174587861057,1,0,7,0.8025,0.0008,0.1967,6.325,0.6177556818181819,0.5
10,0.030147705872509402,1,2,6,0.7626,0.1573,0.0801,7.075,0.503125,0.5236669921875
10,0.021023703503528945,2,1,8,0.5292,0.3163,0.1545,3.5,0.85375,0.40750000000000003
11,0.01223057798159403,4,0,9,0.6071,0.0628,0.3301,1.0,0.6131147904829547,0.5098492910842264
11,0.04904145805677217,1,1,10,0.4705,0.1538,0.3757,5.075,0.8172407670454545,0.5059126420454545
11,0.031026738496117395,3,1,1,0.9481,0.0397,0.012199999999999989,1.55,0.9946022727272726,0.21470170454545454
10,0.010093993110702202,4,1,9,0.58,0.0098,0.4102,1.0,0.7865624999999999,0.6375585937499999
12,0.029047205275372995,5,0,9,0.2217,0.7676,0.0107,1.0,0.9003173828125,0.46334085866409236
11,0.01716740612665256,3,1,1,0.8985,0.0475,0.054,1.0,0.8899369673295455,0.6323364257812499
12,0.04757843352538014,5,0,1,0.1376,0.7979,0.0645,1.0,0.9478729248046875,0.47497819688585086
11,0.03315999495886824,2,2,9,0.4066,0.5389,0.0545,1.975,0.7548650568181818,0.616650390625
10,0.030616767688855913,3,1,7,0.3215,0.5729,0.10560000000000001,2.05,0.7055957031250001,0.41578125000000005
10,0.026919126072246426,4,2,4,0.8118,0.1474,0.0408,1.175,0.70673828125,0.46403320312499996
10,0.010285801088536578,4,1,8,0.9168,0.0241,0.059099999999999986,1.0,0.9710546875,0.5009521484375
11,0.036320257125628606,3,0,5,0.4536,0.139,0.4074,1.05,0.7939075816761363,0.563453002076049
10,0.03329762820449159,1,1,9,0.4415,0.5059,0.0526,4.9,0.8171875,0.40499999999999997
10,0.04700079234692274,5,0,2,0.2983,0.1515,0.5502,1.0,0.36677734375000004,0.5136949274067266
12,0.02019878746182555,2,1,3,0.1977,0.2417,0.5606,4.025,0.7232421875000001,0.5247395833333333
11,0.04755760874802481,5,1,4,0.4757,0.2563,0.268,1.0,0.8938787286931816,0.6176273970170455
12,0.024495525360010813,3,0,7,0.0564,0.2956,0.648,1.25,0.491156005859375,0.49402211507161464
11,0.0118789827354546,2,0,5,0.3861,0.0309,0.583,2.025,0.8670454545454547,0.5400101461038961
11,0.016837822887609044,5,1,3,0.1322,0.0601,0.8077,1.75,0.9352894176136364,0.5728240714585484
12,0.04713851100573702,1,1,10,0.9762,0.0037,0.0201,8.7,0.7559244791666667,0.5020345052083333
11,0.02729114767279006,4,1,10,0.1049,0.7757,0.1194,1.025,0.6703435724431817,0.32724831321022724
10,0.022541309568781476,2,0,9,0.2012,0.6665,0.1323000000000001,2.3,0.9921093750000001,0.6965234375
11,0.012178091214914515,2,1,1,0.1235,0.0217,0.8548,1.975,0.9147771661931821,0.5876568418560606
11,0.042658752615928934,2,0,9,0.7915,0.0712,0.1373,3.55,0.8393465909090908,0.37333096590909093
11,0.02724229106355775,3,0,8,0.0396,0.0942,0.8662,1.15,0.9862437855113637,0.6327760965003899
11,0.015032836888140519,1,2,2,0.9157,0.0406,0.043700000000000114,4.475,0.8853959517045453,0.46818181818181814
11,0.042188562659042556,2,1,4,0.2248,0.0378,0.7374,3.5,1.0,0.4545454545454545
11,0.046614877749237366,5,2,9,0.0537,0.2736,0.6727,1.0,1.0,0.4522727272727273
10,0.032198089106377385,3,1,0,0.7793,0.0856,0.1351,1.0,1.0,0.6223863636363636
11,0.01772182686184067,4,2,8,0.7901,0.1739,0.036,1.0,0.8168590198863637,0.4917341752485795
11,0.019271377020526177,3,1,5,0.1656,0.1969,0.6375,1.025,0.6189675071022727,0.5178749778053977
12,0.023254354810049588,1,1,7,0.2792,0.6138,0.10699999999999998,3.025,0.7913085937500001,0.6305019802517361
10,0.04197493861688381,4,0,5,0.2031,0.7421,0.05480000000000001,1.0,0.5688671875000001,0.62676513671875
10,0.04968354974561709,4,1,2,0.1678,0.2541,0.5781,1.15,0.9480859374999999,0.49717773437499985
10,0.011629101251975546,2,0,0,0.6536,0.1384,0.2080000000000001,1.175,0.48474609375,0.66855126953125
12,0.043322789626807634,2,1,8,0.1294,0.6856,0.185,2.75,0.99111328125,0.8197428385416667
11,0.021000306220536898,2,0,1,0.3412,0.0204,0.6384,1.5,0.9710227272727273,0.3757102272727273
12,0.03873953991918388,4,1,2,0.0378,0.0427,0.9195,1.0,0.8362650553385416,0.5523135375976562
10,0.015358912685085022,4,1,10,0.3738,0.1317,0.4945,1.0,0.5597705078125,0.4955322265625
11,0.027172818267585427,1,1,4,0.2452,0.5433,0.2115,7.2,0.818465909090909,0.4049715909090909
11,0.036250286234279776,4,0,4,0.048,0.1249,0.8271,1.025,0.502734375,0.5547052001953124
11,0.04993133651447005,3,2,7,0.8414,0.034,0.12459999999999999,1.025,0.8179576526988637,0.469970703125
11,0.025387403475228124,2,2,2,0.7739,0.1956,0.0305,3.975,1.0,0.5727272727272728
11,0.021378667578865824,5,1,4,0.1351,0.4814,0.3835,1.0,0.9712846235795454,0.45596080433238645
11,0.022967380730932747,4,0,2,0.8706,0.0599,0.0695,1.0,0.6855291193181818,0.5464654967834899
10,0.03529235421495619,4,0,8,0.7602,0.1421,0.09770000000000001,1.025,0.40951171875,0.5503057270665324
11,0.04185287352497298,4,0,0,0.0824,0.0202,0.8974,1.0,0.999667080965909,0.4548137626262626
12,0.04180115914195686,4,1,6,0.09,0.113,0.797,1.0,0.959295654296875,0.53046875
11,0.011203703821234015,2,1,3,0.4467,0.2775,0.2758,1.05,0.6101384943181818,0.3996670809659091
11,0.03487017568154486,5,2,6,0.0341,0.7811,0.1848,1.0,0.993343838778409,0.44968890565814396
12,0.011967065818966713,2,0,10,0.6544,0.0502,0.2954,5.875,0.80830078125,0.532562440814394
11,0.04993717233564695,1,0,10,0.1297,0.1233,0.747,4.675,0.6944069602272727,0.4910612824675324
10,0.030134334066803506,4,1,7,0.5582,0.0355,0.4063,1.0,0.598662109375,0.6499538574218751
11,0.0243466807714321,3,2,1,0.163,0.6255,0.21150000000000002,1.0,0.9562322443181819,0.4563609730113637
11,0.02311037119586333,3,2,0,0.0569,0.6185,0.3246,1.325,0.9894886363636364,0.5473307291666666
11,0.0431632193196371,2,0,8,0.1262,0.7263,0.1475000000000001,2.5,0.8729314630681817,0.55541944627638
11,0.028040963392947434,5,2,7,0.6511,0.1451,0.2038,1.0,0.8527632279829543,0.6800331809303977
11,0.04434269262870603,1,1,8,0.9111,0.0677,0.0212,8.65,0.4647727272727272,0.5213068181818181
11,0.01429970902009717,4,1,6,0.6213,0.052,0.3267,1.85,0.7673583984375,0.4700863000118371
10,0.02224530129704528,3,1,10,0.6066,0.1353,0.2581,1.0,0.8181396484375,0.5682637293198528
11,0.013582085564500575,4,2,7,0.935,0.06,0.005,1.0,1.0,0.5386363636363637
10,0.016181386262690254,2,1,9,0.4613,0.4482,0.0905,3.425,0.8496874999999999,0.523125
11,0.028154123488078983,3,1,5,0.946,0.0451,0.0089,1.0,0.9211203835227273,0.456905850497159
10,0.04011871181744574,3,0,9,0.4825,0.363,0.1545000000000001,1.0,0.93296875,0.496484375
11,0.021174667580125914,5,0,8,0.3691,0.3623,0.2686,1.0,0.5752974076704546,0.4641490346126769
10,0.020908012597707297,2,0,0,0.4456,0.0911,0.4633,1.55,0.9033203125,0.4030542818227209
12,0.033209154701119556,3,1,3,0.9196,0.0286,0.05180000000000011,1.05,0.6594482421874999,0.30750783284505206
12,0.04621274615714148,2,2,2,0.3657,0.4898,0.1445,1.825,0.6686645507812501,0.5225328233506945
12,0.04226441640001575,4,2,7,0.1335,0.6514,0.2151,1.0,0.8968505859375,0.6227549235026042
11,0.041726817260559095,4,1,3,0.7171,0.2698,0.013100000000000112,1.0,0.7067515980113637,0.4700225830078125
11,0.04922397548681187,4,1,2,0.1694,0.59,0.2406,1.025,0.6549871271306817,0.506005304509943
11,0.03631426568381022,3,2,4,0.1539,0.651,0.1951,1.75,0.668106356534091,0.6027543501420455
12,0.03759579685013858,4,0,7,0.346,0.3617,0.2923,1.025,0.8354563395182293,0.510842424359238
12,0.046115613138597925,4,2,7,0.8011,0.071,0.1279,1.0,0.89166259765625,0.5015048217773438
10,0.030525982391297196,5,1,7,0.8548,0.0961,0.0491,1.0,0.3936865234375,0.620213134765625
12,0.04731632377157312,1,1,1,0.5607,0.4256,0.0137,4.575,0.7924804687500001,0.5177473958333334
11,0.010609406676464412,2,2,3,0.0636,0.4824,0.454,3.1,0.7250887784090908,0.4709517045454545
10,0.01780562138335146,2,1,10,0.6637,0.27,0.06629999999999998,1.975,0.7002636718749999,0.5553393554687501
11,0.022289320504280095,3,2,2,0.8067,0.1548,0.0385,1.0,0.7801402698863636,0.5124542791193182
10,0.01643590561164142,4,2,3,0.4374,0.4541,0.1085,1.0,0.5802099609375,0.47299072265625003
10,0.010545288629452563,3,1,0,0.7753,0.016,0.2087,1.975,0.99390625,0.47458935546875003
11,0.02523041245891095,2,1,9,0.1284,0.1463,0.7253,2.525,0.8885120738636363,0.40157137784090907
12,0.02780823225133562,3,1,0,0.2854,0.3471,0.3675,1.0,0.6751485188802084,0.6420893351236981
12,0.03833949234361613,2,1,3,0.8544,0.0495,0.0961,6.975,0.8825927734375,0.4615804036458333
12,0.01949624972433723,5,1,8,0.9054,0.0245,0.07010000000000001,1.0,0.8707600911458335,0.44296553112211684
12,0.01514912407924493,3,1,6,0.9079,0.051,0.0411,1.825,0.9030049641927083,0.5051318940662203
11,0.040086616918176596,4,2,4,0.4219,0.0149,0.5632,1.0,0.5675448330965909,0.5718511408025566
10,0.04619170400785089,2,2,3,0.742,0.1771,0.0809,2.45,0.6000390624999999,0.47869140625
12,0.013895019644998443,2,0,3,0.8029,0.1776,0.01950000000000011,1.075,0.46905517578125,0.5025297127518
11,0.03643490566542504,2,1,8,0.3584,0.6247,0.0169,1.925,0.7442183061079547,0.47258744673295466
11,0.01614948054216627,2,1,2,0.5285,0.0375,0.434,1.075,0.7177601207386365,0.5186072887073865
12,0.012975179250081296,3,1,6,0.684,0.2906,0.025399999999999787,1.0,0.977703857421875,0.34240519205729164
12,0.025895506078373362,2,2,4,0.0684,0.1844,0.7472,3.6,0.6412434895833334,0.6330810546875001
11,0.012951890209765832,3,2,7,0.0004,0.5037,0.4959,1.2,0.9927112926136363,0.36318137428977276
11,0.03290590330703903,2,2,1,0.2374,0.6971,0.06549999999999988,3.725,0.8542613636363636,0.5823863636363636
10,0.048185330759235145,4,0,8,0.8033,0.0883,0.1084,1.0,0.5468164062499999,0.5051837158203124
12,0.01124406038615145,3,2,10,0.1151,0.7592,0.1257,1.0,0.9282755533854168,0.5730935650780087
12,0.0431281824484986,2,0,1,0.5489,0.0619,0.3892,6.825,0.7328125,0.4722135416666666
11,0.012002926555845003,2,1,4,0.8668,0.0535,0.0797,1.125,0.7354758522727274,0.39670188210227264
12,0.03841889913915431,1,0,2,0.9576,0.0122,0.0302,4.625,0.9789225260416667,0.5814666748046875
12,0.048376266773679164,3,1,6,0.6721,0.0079,0.32,1.125,0.7510528564453124,0.5607187906901043
11,0.032802805276619725,5,2,4,0.7256,0.2201,0.0543,1.0,0.5482887961647729,0.49496959339488633
12,0.03453142149581043,2,2,5,0.8016,0.1168,0.08159999999999999,1.3,0.7563730875651042,0.5585050455729167
11,0.02624886120705333,4,0,0,0.5627,0.3561,0.0812,1.0,0.8100208629261363,0.5289558901467678
12,0.012413002206936948,3,0,6,0.5914,0.2381,0.1705,1.925,0.8389373779296875,0.6033849496552437
11,0.0423449421053099,4,0,5,0.9629,0.017,0.02009999999999999,1.0,0.5147505326704545,0.5227926265832151
12,0.015262638510946648,2,1,3,0.2653,0.2333,0.5014,1.075,0.9427897135416666,0.6352889449508101
10,0.010237205653453084,2,2,9,0.6078,0.066,0.3262,4.025,1.0,0.54625
11,0.014281445055519221,1,2,5,0.2627,0.3985,0.3388,5.1,0.9764559659090908,0.45625
11,0.01957547290667678,1,2,7,0.8047,0.1585,0.0368,6.75,0.6119318181818183,0.4848721590909092
10,0.04246050811528447,2,1,9,0.8891,0.0609,0.05000000000000001,3.05,0.89048828125,0.52408837890625
11,0.04852633436970591,3,1,9,0.5404,0.4213,0.0383,2.35,0.7028120561079547,0.6224964488636363
12,0.014899366970938587,3,2,7,0.9908,0.0053,0.0039,1.025,1.0,0.5829166666666667
12,0.04104305154838362,3,1,10,0.7279,0.2668,0.005300000000000111,1.025,0.7478047688802082,0.43937503390842014
12,0.031244411877563043,1,1,1,0.9303,0.0437,0.026,9.975,0.7125,0.4822916666666667
10,0.042873547874549715,2,1,1,0.214,0.2405,0.5455,1.275,0.9451562499999999,0.4529101562499999
10,0.024900285918326666,5,1,2,0.8592,0.071,0.06980000000000011,1.0,0.7740039062500002,0.446201171875
11,0.044197669653850614,4,1,2,0.2054,0.5417,0.2529,1.125,0.6649946732954545,0.4452681107954545
12,0.03928567748622406,3,1,4,0.0964,0.0057,0.8979,1.0,0.5795867919921875,0.3964526706271701
10,0.017565769827984204,1,1,8,0.9537,0.0051,0.041200000000000014,5.8,0.688017578125,0.5364501953125
10,0.04593864794755491,4,1,10,0.2129,0.6822,0.1049,1.1,0.8415625,0.5031640625
11,0.01877596626385164,3,2,8,0.5872,0.1653,0.2475,1.55,0.8121670809659092,0.6453657670454545
11,0.010400376369319925,4,2,7,0.0463,0.8678,0.0859,1.0,0.9525656960227273,0.45276988636363635
11,0.036872395989672596,3,2,9,0.6204,0.1596,0.2200000000000001,1.025,0.911896306818182,0.37230890447443177
10,0.03727566994569827,3,1,9,0.9108,0.057,0.0322,1.45,0.5712841796875,0.45223449707031255
12,0.01152814915755203,3,1,6,0.9553,0.0148,0.0299,1.025,0.8623341878255207,0.667981465657552
12,0.023760278785856973,1,2,5,0.1283,0.6767,0.195,7.05,0.8033854166666667,0.5024739583333334
11,0.020116802673034822,5,1,2,0.2634,0.0768,0.6598,1.0,0.7950949928977273,0.5323753403172348
11,0.011790284773955384,3,1,8,0.6318,0.1708,0.1974,1.825,0.6542835582386364,0.3801919833096591
11,0.019531709401821203,3,2,8,0.5699,0.3882,0.0419,1.15,0.9792258522727273,0.5178497869318182
11,0.014560068040699935,5,0,9,0.9228,0.0126,0.0646,1.0,0.7192027698863637,0.4988895300662879
10,0.03887935435347564,2,1,7,0.9185,0.0665,0.015,1.7,0.65341796875,0.48850341796874996
11,0.03454459416339072,3,2,4,0.6339,0.3542,0.011899999999999989,1.025,0.9895263671875,0.6275978781960226
11,0.028566522965272692,1,1,2,0.8939,0.0462,0.0599,7.825,0.6642045454545455,0.4900568181818182
12,0.048748312282056255,2,0,5,0.6795,0.0723,0.2482,3.725,0.6500345865885417,0.45587942940848214
11,0.02937934045210091,5,0,3,0.6459,0.195,0.1591,1.0,0.750716885653409,0.5313112238103692
10,0.014309204715086475,4,0,7,0.9875,0.0107,0.0018,1.0,0.5721826171875,0.5068375651041667
11,0.02059554942104791,2,2,5,0.129,0.3111,0.5599,4.7,0.6376953125,0.4527787642045453
11,0.040354256331952096,2,1,10,0.9764,0.021,0.0026,4.875,0.8227272727272726,0.4860795454545455
11,0.022665488388622364,3,0,4,0.0863,0.8742,0.039499999999999987,1.1,0.9930752840909092,0.4744588955965908
11,0.04615328311860165,3,1,9,0.997,0.0003,0.0027,2.5,0.8435857599431816,0.7343275035511363
11,0.0436609264930991,5,0,5,0.3048,0.6129,0.08229999999999998,1.0,0.8375133167613636,0.5737600783671228
10,0.016530034520830537,4,1,9,0.8339,0.0396,0.1265,1.0,0.6223779296874999,0.32933593749999995
11,0.023691334158634093,3,2,8,0.3207,0.0098,0.6695,1.4,1.0,0.634090909090909
10,0.019612873604753285,4,1,4,0.9975,0.0019,0.0006,1.0,0.7634863281249998,0.32087646484375
11,0.010912308560923458,2,1,9,0.1317,0.7611,0.1072,2.475,0.7271661931818182,0.34876598011363635
10,0.021359877383215015,1,1,8,0.5897,0.3274,0.0829,3.725,0.5966406249999998,0.6195507812499998
11,0.021327653713623614,5,0,3,0.7306,0.1073,0.1621,1.0,0.9434059836647727,0.4318382494377368
10,0.01206768652294879,3,0,2,0.1387,0.5591,0.3022,1.0,0.9661279296875002,0.5434840611049109
11,0.043223237132037615,3,1,9,0.0355,0.3934,0.5711,1.125,0.5111194957386364,0.6360932664747363
12,0.02971857364018758,4,2,6,0.5065,0.2033,0.2902,1.025,1.0,0.7720833333333333
11,0.04499059352663837,5,2,10,0.3184,0.098,0.5836,1.0,0.679305752840909,0.5711410245028408
10,0.04591467013389998,2,1,4,0.5528,0.2937,0.1535,2.175,0.6589404296875001,0.44449707031249996
11,0.03277881720206853,3,1,0,0.7377,0.2385,0.0238,1.075,0.8154651988636363,0.4285245028409091
11,0.015725370568625576,2,1,7,0.0687,0.5005,0.4308,2.2,0.9251686789772726,0.5517511541193182
12,0.021892668088842528,2,2,10,0.1193,0.5465,0.3342,1.425,0.8426940917968748,0.49523468017578126
12,0.012836447932022706,2,0,7,0.4735,0.0543,0.4722,2.05,0.7282511393229167,0.6645345052083332
10,0.0360474145074254,3,2,2,0.5013,0.0086,0.4901,1.55,0.664287109375,0.465032958984375
10,0.04933415403081103,2,2,2,0.8992,0.071,0.0298,1.2,0.883837890625,0.365692138671875
10,0.03341006698923525,2,1,8,0.7977,0.0782,0.12410000000000002,5.975,0.609912109375,0.3436767578125
11,0.014942697531557018,5,1,9,0.2379,0.3881,0.374,1.0,0.38005593039772717,0.6765904651988637
10,0.03399347654933235,4,1,2,0.6825,0.1207,0.1968,1.0,0.7863378906249998,0.25898681640625
11,0.028341043767896805,3,1,4,0.9859,0.005,0.0091,1.0,1.0,0.575
11,0.04052739101032063,3,0,10,0.8212,0.0804,0.0984,1.05,0.533047762784091,0.49065290971235787
11,0.04986419102536337,5,1,3,0.9757,0.0166,0.007699999999999989,1.0,1.0,0.5416666666666666
11,0.040413485816128254,3,1,3,0.4867,0.27,0.2433,1.225,0.8242720170454545,0.5396957859848485
12,0.027723558140908586,2,0,2,0.9467,0.0222,0.0311,1.275,0.5571818033854166,0.42649722629123266
11,0.03722657524765586,2,0,3,0.1914,0.2563,0.5523,1.875,0.6149857954545455,0.4724564985795453
11,0.0311717170780968,3,1,7,0.7535,0.2147,0.0318000000000001,1.0,0.6837602095170455,0.5073198908025569
11,0.016461204145195626,4,1,2,0.494,0.4492,0.05680000000000001,1.0,0.6253728693181818,0.5156071914738907
10,0.010845258543595724,3,0,7,0.9294,0.0166,0.054,1.125,0.8843310546875,0.44667529296874997
12,0.010498110725761484,4,1,10,0.3106,0.3416,0.3478,1.025,0.8748942057291668,0.3849672444661459
11,0.0379160930961727,5,1,7,0.5776,0.3031,0.1193,1.0,0.7789706143465909,0.5445210404829545
12,0.032732394027870274,1,0,9,0.8508,0.0224,0.1268,2.675,0.5321777343750002,0.5434137980143229
12,0.04877542539576819,2,2,4,0.268,0.1429,0.5891,3.025,0.8375,0.4208333333333334
11,0.01977682798897553,1,1,7,0.2958,0.4638,0.2404,5.8,0.72578125,0.48551136363636366
11,0.025827174037452987,1,2,3,0.9454,0.0508,0.0038,9.05,0.5522727272727271,0.51875
11,0.03190258295749372,4,0,2,0.087,0.3845,0.5285,1.825,0.6323175603693182,0.5300335844686208
11,0.016628291339217175,3,2,5,0.9928,0.0037,0.0035,2.0,0.8130326704545456,0.6265181107954545
11,0.02112794962755949,3,0,8,0.5949,0.1837,0.2214,1.0,0.979232510653409,0.6326404918323864
11,0.014488722102073508,2,1,7,0.9609,0.0272,0.0119,2.95,0.550071022727273,0.5942915482954545
11,0.04495701827631149,1,2,10,0.7437,0.1457,0.11060000000000002,2.6,0.7759854403409092,0.7589213423295454
11,0.023354402758141195,2,1,0,0.9595,0.0137,0.0268,2.0,1.0,0.5454545454545454
11,0.013088815916437489,4,0,8,0.0214,0.9624,0.0162,1.0,0.5939364346590909,0.5166718049968567
10,0.012031213699271983,3,1,7,0.4748,0.4271,0.09810000000000012,1.0,0.762353515625,0.5886054687499999
12,0.047364345824893954,3,2,8,0.5072,0.2296,0.2632,1.225,0.5906555175781251,0.6172322591145833
10,0.03690703621623591,3,0,6,0.3125,0.1541,0.5334,1.025,0.6006689453125,0.4347397460937499
11,0.04122965936848944,3,1,3,0.2314,0.1097,0.6589,1.05,0.8266224254261363,0.5192644708806817
12,0.043557252461184845,4,2,3,0.7389,0.0032,0.25789999999999996,1.0,0.993255615234375,0.6643107096354168
11,0.035197395782229884,4,2,7,0.8177,0.0194,0.1629,1.825,1.0,0.5054545454545456
12,0.04306486370992326,1,1,2,0.9066,0.0194,0.07400000000000011,5.825,0.6528849283854168,0.38210546099950393
11,0.04179649556506129,3,2,9,0.3796,0.0667,0.5537,1.375,0.8561390269886363,0.613651622425426
10,0.025509567451240875,2,1,10,0.6076,0.0031,0.3893,2.1,0.954296875,0.41471571180555544
11,0.030444555871061735,2,0,2,0.5221,0.0406,0.43729999999999997,6.65,0.9307883522727274,0.4938307883522727
11,0.04007254753034334,2,2,5,0.19,0.6901,0.11989999999999978,2.65,0.8559659090909092,0.5299715909090909
11,0.020286771145989348,4,1,7,0.4213,0.1537,0.425,1.0,0.5475563742897727,0.6053117231889205
12,0.020491193088289394,1,1,3,0.7862,0.0268,0.187,4.2,0.7304890950520833,0.4924153645833334
10,0.0202224536815991,4,0,5,0.8744,0.0303,0.0953,1.0,0.44161132812500004,0.44506654986213245
11,0.031575592193174386,2,1,1,0.6748,0.1994,0.1258,2.7,0.8492542613636364,0.5418368252840909
10,0.013417923793463366,5,1,4,0.5635,0.2988,0.1377,1.0,1.0,0.45
11,0.03661114284486567,2,2,5,0.323,0.0857,0.5913,6.375,0.8426313920454547,0.3616621537642046
10,0.0387834740992427,5,2,5,0.4256,0.3048,0.2696,1.0,1.0,0.5974999999999999
11,0.03585871189547061,1,0,8,0.8004,0.0145,0.1851,9.175,0.5939453125,0.48870120368121805
10,0.03651601919067803,2,0,9,0.3538,0.4333,0.2129,1.0,0.8992626953125,0.5572858537946427
12,0.02783999668708418,3,2,7,0.0679,0.8554,0.0767,1.35,1.0,0.4958333333333333
11,0.010430276212894418,4,2,8,0.8315,0.1199,0.0486,1.0,0.7280317826704547,0.5263411088423295
10,0.03396898248904164,2,0,5,0.5574,0.052,0.3906,1.0,0.5549755859375,0.5992002650669643
12,0.04618214661277751,2,1,8,0.9598,0.0043,0.0359,2.15,0.7267089843750001,0.3848307291666667
10,0.045954142348530305,2,2,4,0.4935,0.4787,0.0278,1.275,0.6065722656250001,0.5772477213541667
11,0.01169578660852377,3,1,5,0.8733,0.0177,0.109,1.0,1.0,0.5651515151515152
10,0.02666078581050655,3,1,7,0.5103,0.3234,0.1663,1.0,0.748251953125,0.4965438406808035
11,0.020884826261510826,3,1,7,0.3168,0.2103,0.4729,1.025,0.7489790482954544,0.3045365767045454
12,0.029236831455585054,2,1,8,0.0135,0.1316,0.8549,1.425,0.7591013590494791,0.5397933959960938
12,0.01781713123074042,3,1,4,0.8096,0.0486,0.1418,2.025,0.65101318359375,0.41526056925455734
12,0.03560378105557446,5,1,8,0.8571,0.0778,0.0651,1.0,0.92684326171875,0.5789072672526043
12,0.013312406047027254,4,0,3,0.2294,0.0011,0.7695,1.0,0.5901224772135416,0.6178227742513019
10,0.036489113339116884,4,0,1,0.4585,0.185,0.3565,1.0,0.5487695312499999,0.5514345296223959
12,0.0460463612868235,4,1,3,0.5572,0.3931,0.0497,1.875,0.7535481770833334,0.34345703124999993
10,0.023578095073782432,1,0,0,0.3189,0.3881,0.2929999999999998,3.525,0.9880859375,0.5923828125000001
11,0.03908231701671399,4,1,0,0.5978,0.1512,0.251,1.05,0.824396306818182,0.5294566761363637
11,0.017658710012975413,2,1,1,0.9154,0.0029,0.0817,8.45,0.7340909090909091,0.4389204545454545
11,0.011985408859426746,3,2,5,0.6397,0.034,0.3263,1.0,0.8310369318181816,0.38533130992542614
12,0.04013374055637362,3,0,7,0.2931,0.0665,0.6404,1.0,0.9736236572265625,0.6586569213867186
11,0.016160841564591463,5,1,3,0.579,0.1866,0.2344,1.025,0.7098743785511363,0.5991628196022727
11,0.03662089870256929,5,1,5,0.0894,0.6077,0.3029,1.0,0.6198597301136364,0.5110621596827651
10,0.04590608018868271,4,2,6,0.5673,0.3549,0.0778,1.0,0.75109375,0.6597233072916666
12,0.03568193125252722,2,2,4,0.8783,0.0366,0.0851000000000001,1.925,0.852655029296875,0.42137908935546875
11,0.023552335732787137,4,1,8,0.9121,0.0277,0.0602,1.0,0.8325084339488636,0.44990966796874987
11,0.04508862045051943,2,0,3,0.0835,0.0971,0.8194,4.975,0.6786931818181816,0.541796875
12,0.014365982178136978,3,2,9,0.2017,0.4375,0.3608,1.125,0.885186767578125,0.5870189525462963
11,0.03273649526703094,1,2,3,0.0892,0.2257,0.6851,8.65,0.884659090909091,0.8977982954545455
10,0.025091847296719004,4,1,3,0.9396,0.052,0.0084,1.0,0.507939453125,0.4007819475446429
12,0.039803393623504685,2,0,1,0.6441,0.057,0.2989,4.825,0.7232137044270833,0.4497172037760417
12,0.012015766704468541,3,2,6,0.5274,0.3174,0.1552,1.725,0.934619140625,0.4962320963541666
11,0.0384976824798904,1,2,8,0.7966,0.1241,0.0793,6.3,1.0,0.5204545454545454
11,0.044623101083383056,4,2,10,0.9324,0.0361,0.0315,1.525,0.915576171875,0.44081032492897715
10,0.01919963053331447,1,1,4,0.3836,0.3421,0.2743,4.3,0.6744140624999999,0.6722656249999999
11,0.01353334879349486,2,1,3,0.7262,0.2351,0.03870000000000011,3.425,0.8559659090909092,0.42130681818181814
10,0.03975534089641082,3,1,8,0.1607,0.0017,0.8376,1.6,0.996572265625,0.6985595703125
11,0.040577747002092095,1,1,6,0.5158,0.3828,0.1014,8.875,0.6409090909090909,0.5219967532467531
11,0.03952207226798049,2,1,3,0.4844,0.4736,0.042,3.325,0.7977982954545453,0.4582457386363636
12,0.014336097996842375,1,1,9,0.1951,0.0819,0.723,8.05,0.66875,0.4796875
11,0.025580991507447713,2,1,7,0.9717,0.0183,0.01,1.525,0.712451171875,0.5409090909090908
12,0.013078154271856459,3,0,0,0.9351,0.0278,0.0371,1.0,0.7828704833984376,0.5277056376139323
11,0.033688493512245704,2,1,5,0.7286,0.0355,0.2359,3.075,0.8725852272727274,0.38487215909090905
12,0.04025519153587242,1,2,2,0.4156,0.4319,0.1525,5.725,0.8114583333333332,0.5207682291666667
10,0.028483706692992675,1,1,2,0.2558,0.5671,0.1771,6.875,0.5856250000000001,0.478125
12,0.034799327814702,3,0,8,0.5475,0.2941,0.15840000000000012,1.0,0.9100830078125,0.6144973754882812
10,0.03538063115767124,5,1,9,0.8981,0.0456,0.0563,1.0,0.984765625,0.46304752604166666
11,0.012744148820334943,3,1,6,0.9002,0.0668,0.033,1.75,0.7811789772727273,0.565853851010101
12,0.02092341410120902,2,0,5,0.5402,0.2825,0.1773,2.3,0.6171610514322916,0.5616878509521485
11,0.019547417395986574,5,1,6,0.0397,0.7746,0.18570000000000011,1.0,1.0,0.5727272727272726
11,0.03671052497713809,1,1,9,0.3267,0.4458,0.2275,7.375,0.6011363636363637,0.5769886363636363
12,0.012052770906294578,4,1,9,0.5689,0.0827,0.3484,1.0,0.735302734375,0.7073994954427082
10,0.0480555361373103,3,1,9,0.1545,0.2147,0.6308,1.025,0.9001074218750003,0.5224122837611607
11,0.048578931815892054,5,2,6,0.5194,0.0447,0.4359,2.25,0.6740189985795456,0.4188068736683238
11,0.022595271427419357,4,0,1,0.9357,0.0523,0.012,1.0,1.0,0.46776859504132223
11,0.04140791847650016,5,1,7,0.2395,0.6796,0.0809,1.0,0.5745361328125,0.4643766249619521
11,0.039116479551175434,3,2,5,0.3677,0.5962,0.0361,1.1,1.0,0.6136363636363635
12,0.026149087216849207,5,2,2,0.6906,0.0544,0.255,1.0,0.6892476399739584,0.44188266330295145
10,0.04715311947995878,2,1,0,0.8692,0.0637,0.0671,1.2,0.9771875,0.5258072916666666
10,0.02650428796154502,4,1,6,0.8164,0.0622,0.1214,1.0,0.591923828125,0.429705810546875
11,0.04193000878565271,5,2,5,0.1176,0.5293,0.3531,1.0,0.6187433416193183,0.5403588497277461
11,0.011714212971004603,2,1,9,0.573,0.3843,0.04270000000000001,4.3,0.9754794034090908,0.7073619495738637
10,0.01796529698607954,5,1,7,0.2157,0.4699,0.3144,1.0,0.99736328125,0.5978111683238636
11,0.011645850541693824,3,2,8,0.0808,0.7305,0.1887,1.025,0.7685102982954546,0.49672629616477265
10,0.03977718318024523,3,2,2,0.9308,0.0503,0.0189,1.05,1.0,0.59375
11,0.03498453542454792,3,1,6,0.2684,0.2449,0.4866999999999998,1.925,0.6761163884943182,0.6617011052911932
11,0.048311608016770126,2,0,5,0.2439,0.5408,0.2153,1.725,0.7474320845170455,0.43515236594460227
11,0.04742815287817446,1,0,9,0.5651,0.0291,0.4058,5.475,0.8193181818181816,0.5303977272727274
12,0.019360105333352903,5,0,1,0.3949,0.1989,0.4062,1.45,0.6190246582031251,0.459774328161169
11,0.01670107477788393,4,1,2,0.1238,0.602,0.2742,1.0,0.934772283380682,0.5956592906605115
11,0.02004985025509523,5,0,7,0.3029,0.6457,0.0514,1.0,0.559716796875,0.5195952485014984
11,0.01904517198979599,4,1,4,0.055,0.7467,0.1983,1.0,0.5178466796875,0.5913766571969697
10,0.0435371876053378,2,1,0,0.5486,0.0852,0.3662,2.725,0.86017578125,0.5097119140624999
10,0.04565701023504831,4,1,4,0.3501,0.1073,0.5426,1.0,0.5275048828125,0.6591879882812499
10,0.02578322969333404,4,1,8,0.4622,0.4845,0.0533,1.0,0.8503222656249999,0.35312304687499996
10,0.03561810807718631,1,1,0,0.5687,0.2967,0.1346,3.675,0.7958593749999998,0.5282910156249998
10,0.04885683425914617,3,0,3,0.8358,0.0326,0.13160000000000002,1.475,0.7296533203125,0.4749741306057224
12,0.045853363993541424,4,2,5,0.8355,0.0506,0.1139,1.1,0.8366475423177082,0.5726648542616104
11,0.03583325714459107,3,1,9,0.9058,0.0554,0.03880000000000001,1.0,0.6386163884943181,0.4959433815696023
10,0.02805354724755768,4,1,2,0.9249,0.0631,0.012,1.0,0.6062646484374999,0.5210986328125001
11,0.02684575962248592,4,1,7,0.2463,0.5802,0.1735,1.0,0.6217174183238636,0.4138466574928977
11,0.02087805973790187,2,1,1,0.797,0.0926,0.1104,5.125,0.9602272727272727,0.38636363636363635
10,0.011069181276911031,4,1,6,0.4366,0.2802,0.2832,1.0,0.63056640625,0.6119085693359375
10,0.01130652257936167,1,1,1,0.9459,0.0036,0.0505,2.9,0.888359375,0.49675781249999995
10,0.02181267292344003,1,2,0,0.0137,0.7904,0.1959,4.675,0.7170312500000001,0.35206250000000006
12,0.03898759491184052,1,0,8,0.1664,0.1776,0.656,8.375,0.6948649088541666,0.4811383928571429
11,0.04778551977267989,2,1,6,0.4926,0.1171,0.3903,2.5,0.8088778409090909,0.4293394886363636
11,0.048824615746166214,5,2,6,0.1924,0.1367,0.6709,1.0,0.6297873757102274,0.6616596013849433
11,0.01741749761041186,4,1,5,0.3089,0.1697,0.5214,1.0,0.7599609375,0.5821404844341855
10,0.031042664432187943,5,1,4,0.6917,0.0857,0.2226,1.0,0.9527734375,0.5210662841796875
12,0.04187547604692178,2,1,2,0.5238,0.2957,0.1805,2.0,0.8109822591145832,0.5261372884114583
12,0.024769015619393264,4,2,2,0.2066,0.057,0.7364,1.0,0.7445505777994793,0.6921095530192058
11,0.02584076029070751,5,1,4,0.1462,0.0785,0.7753,1.0,1.0,0.5435064935064935
11,0.016080031947332832,2,2,6,0.5143,0.0074,0.4783,2.925,0.8448863636363637,0.5106516335227271
11,0.024007306467533247,3,2,0,0.7924,0.0881,0.11950000000000001,1.85,0.991463955965909,0.3691855690696023
11,0.04128826685801533,1,0,6,0.5638,0.1637,0.27249999999999996,7.375,0.9209517045454547,0.6295513731060606
11,0.01606774504552741,5,1,0,0.6508,0.0038,0.3454,1.0,0.8873401988636364,0.4515151515151515
11,0.026334347830741484,4,2,5,0.994,0.0029,0.0031,1.0,0.921719637784091,0.5436585793763528
10,0.035268234687602325,3,0,2,0.207,0.5954,0.1976,1.1,0.9105664062500001,0.4474090021306819
12,0.03835738982210865,2,1,5,0.4776,0.4379,0.0845,2.075,0.6835693359375001,0.3067342122395834
10,0.034311102674115974,4,2,0,0.804,0.0393,0.15669999999999998,1.0,0.9740283203125,0.5743881835937501
10,0.011807388490614265,2,1,9,0.6389,0.3023,0.0588,1.075,0.7347314453125001,0.46099365234375006
11,0.010333522114160545,3,1,10,0.265,0.1148,0.6202,1.025,0.7046741832386363,0.5547836766098484
10,0.022370076321491076,4,1,9,0.2593,0.1558,0.5849,1.0,0.83740234375,0.50533935546875
11,0.030578182849336943,4,1,6,0.6598,0.2121,0.1281,1.35,0.6452104048295455,0.6530410304214016
11,0.04854739186573632,2,1,3,0.8708,0.0954,0.0338,2.5,0.8356889204545457,0.5091486150568182
11,0.039035875457223826,4,1,4,0.5601,0.2019,0.238,1.0,0.594384765625,0.6033835671164771
11,0.026771605624702974,3,1,10,0.1091,0.4037,0.4872,1.0,1.0,0.40568181818181814
11,0.0341721234933393,2,0,8,0.9721,0.0193,0.0086,2.0,0.9830344460227274,0.48871348987926144
10,0.03705752225325188,3,1,1,0.39,0.5083,0.1017,1.05,0.556298828125,0.4094897460937501
12,0.028610963709628387,2,1,4,0.5724,0.3858,0.04180000000000011,1.775,0.76876220703125,0.39250030517578127
10,0.013130055773594463,5,0,0,0.611,0.0204,0.3686,1.0,0.7960107421875,0.5691918945312499
11,0.043633115783568766,1,1,7,0.2434,0.7094,0.04719999999999988,7.775,0.7340909090909091,0.5721590909090909
12,0.016039450797063474,3,1,6,0.7848,0.05,0.1652,2.65,0.85400390625,0.4407674153645834
11,0.030975891096762645,1,1,6,0.2455,0.7489,0.0056,5.775,0.5803622159090909,0.5341974431818182
12,0.02097727057766452,2,1,4,0.0628,0.4975,0.4397,2.9,0.839404296875,0.4214874267578125
10,0.03326732192579071,3,0,8,0.7211,0.2688,0.0101,1.0,0.5540136718750001,0.46950039333767357
12,0.03576041967012693,4,1,10,0.368,0.2971,0.3349,1.0,0.8799153645833334,0.41310679117838534
11,0.03820399499878144,2,2,4,0.4477,0.3268,0.2255,1.225,0.973046875,0.48433948863636367
11,0.021118456189932112,5,1,1,0.4018,0.2363,0.3619,1.0,0.707373046875,0.4703274813565342
12,0.030319981289126115,1,1,3,0.2901,0.0658,0.6441,7.45,0.6699218750000001,0.5858723958333334
11,0.031392751207287885,5,2,9,0.1691,0.3139,0.517,1.0,1.0,0.6295454545454545
10,0.0373903631140688,3,1,10,0.5988,0.0779,0.32330000000000003,2.6,1.0,0.3975
12,0.03673626680188552,3,0,0,0.1598,0.6502,0.19,2.85,0.931011962890625,0.6338499160039992
11,0.02571540569133468,2,1,3,0.5909,0.0958,0.3133,1.975,0.9913441051136364,0.2783114346590909
10,0.042745636661927024,2,2,9,0.505,0.3082,0.1868000000000001,1.725,1.0,0.5377500000000001
11,0.015093849823320335,4,1,10,0.1228,0.3057,0.5715,1.0,0.6129949396306819,0.39404074928977273
11,0.028682307444947167,3,0,4,0.359,0.1295,0.5115,1.0,0.9990478515625,0.5787921697443182
10,0.031478028112447314,5,2,0,0.172,0.0416,0.7864,1.0,0.93181640625,0.49439758300781256
11,0.03828093632506057,2,1,4,0.8786,0.0753,0.04609999999999988,3.625,0.8461647727272726,0.488186553030303
11,0.010029334817210097,4,1,9,0.3734,0.3525,0.2741,1.025,0.9522194602272727,0.44874400745738646
11,0.04434701100182766,3,2,10,0.6538,0.1105,0.2357,2.05,0.901447088068182,0.7856889204545455
12,0.0377792275569682,2,0,6,0.9374,0.0192,0.04340000000000001,9.025,0.6679687499999998,0.5415083821614585
11,0.03283742506505342,2,1,0,0.7239,0.2354,0.0407,1.15,0.6367409446022728,0.3733546401515152
12,0.036191216709555364,4,0,10,0.1603,0.6861,0.1536,1.025,0.9247762044270834,0.4718338412330265
10,0.031059823803843083,1,1,9,0.8853,0.0997,0.015,5.325,0.5467578125,0.5184765625
11,0.030114878138727305,1,2,1,0.0296,0.5595,0.4109,4.55,0.898721590909091,0.40143821022727266
11,0.03253927299636014,5,2,7,0.1122,0.244,0.6438,1.0,0.953449041193182,0.5376864346590907
10,0.01762006211047514,2,2,6,0.8688,0.031,0.1002,4.775,0.96953125,0.4710156249999999
11,0.01582040767335933,2,1,2,0.4508,0.5314,0.0178,2.55,0.9806107954545457,0.4611683238636363
10,0.01797472815902091,4,0,0,0.191,0.4637,0.3453,1.0,0.985830078125,0.49581868489583336
11,0.03025221282652857,5,2,9,0.4717,0.3087,0.2196,1.0,0.9920365767045454,0.5437229965672349
11,0.025981222834953042,2,2,9,0.5446,0.1545,0.3009,1.825,0.9920365767045457,0.4550648082386363
10,0.027131599115930598,2,1,8,0.7192,0.1693,0.1115,1.775,1.0,0.49749999999999994
12,0.011549882020176155,2,0,3,0.8956,0.076,0.028400000000000113,1.675,0.7794759114583335,0.5086666531032986
11,0.04169562071497036,2,1,9,0.1595,0.1609,0.6796,2.5,0.960635653409091,0.49226725260416665
10,0.011158573502340844,3,1,2,0.9832,0.0109,0.0059,2.65,0.9261132812499999,0.4066416015625
11,0.028210866956167667,2,2,4,0.8898,0.0558,0.0544,1.575,0.8892045454545453,0.6733451704545456
10,0.01845554063366974,3,1,3,0.4177,0.5714,0.01090000000000001,1.15,1.0,0.49749999999999994
11,0.047414353500086694,1,2,9,0.5606,0.2906,0.1488,7.725,0.6203125,0.5207386363636364
12,0.026471665594194824,5,0,3,0.2734,0.6569,0.0697,1.0,0.833709716796875,0.5734197525751024
12,0.021561712314158855,2,1,2,0.1668,0.2398,0.5934,1.975,0.730548095703125,0.6847057766384549
11,0.03323061630317285,5,1,10,0.3163,0.6523,0.03140000000000001,1.0,0.9869029651988637,0.539193448153409
10,0.031415958703192734,1,2,3,0.4115,0.3437,0.2448,6.75,0.6061328125000001,0.475009765625
11,0.03418201973152903,2,1,2,0.3325,0.5643,0.1032,1.825,0.6503062855113637,0.6047211618134469
10,0.01792163606134978,2,0,4,0.8433,0.036,0.12070000000000002,3.2,0.9535937499999999,0.5096334635416666
10,0.018436002222867953,3,1,1,0.8221,0.0064,0.1715,1.0,1.0,0.49000000000000005
11,0.023627673846120918,2,2,6,0.4126,0.1701,0.4173,2.95,1.0,0.5054545454545456
11,0.04557043591653214,5,0,1,0.3396,0.5811,0.0793,1.0,0.9053466796875,0.4897036280776514
10,0.02015346858967994,5,1,7,0.4677,0.1944,0.3379,1.0,0.851083984375,0.4822932128906249
11,0.016341306693433495,2,1,3,0.4567,0.1483,0.395,1.025,0.6084073153409092,0.3903622159090909
11,0.024285503428579977,4,0,9,0.6345,0.2902,0.0753,1.0,0.9254860617897727,0.4945095167099547
11,0.02423985242946121,2,1,6,0.9754,0.0167,0.0079,3.0,0.5949041193181819,0.4036564021915584
11,0.02497556222255444,3,0,5,0.3963,0.0,0.6037,1.1,0.6879106001420455,0.5013793251731178
11,0.045344988384178754,2,0,2,0.5131,0.4819,0.005,2.725,0.9101651278409092,0.5184540719696968
11,0.0322758672704403,4,0,1,0.4923,0.0519,0.4558,1.0,0.5869606711647727,0.4414125624907762
11,0.03993847595560618,2,0,7,0.8175,0.0884,0.0941,1.225,0.4223188920454545,0.5357065079954373
11,0.029916350164698596,2,0,3,0.9734,0.0195,0.0071,3.575,0.7390025745738636,0.36677689985795453
11,0.04151326499865235,1,0,3,0.5319,0.0623,0.4058,4.7,0.7437144886363637,0.5029723011363636
11,0.044446553187012926,2,0,3,0.2937,0.6915,0.014800000000000011,3.625,0.8025213068181817,0.5627962979403409
11,0.021412929309047136,3,1,6,0.8676,0.0715,0.0609,1.025,0.9439098011363637,0.5446821732954545
11,0.011667342795948573,1,2,2,0.8625,0.0118,0.1257,4.375,0.7880681818181818,0.46335227272727264
11,0.03171136210286631,1,2,6,0.2333,0.6946,0.0721,6.25,0.6509943181818182,0.4767045454545455
11,0.04930112525889276,3,1,0,0.07,0.7354,0.1946,2.275,0.5691095525568182,0.4730508599399535
11,0.04009488451483106,3,2,6,0.6145,0.0664,0.3191,1.875,0.8573508522727273,0.4064186789772727
11,0.04074813921189088,2,2,3,0.7603,0.2349,0.0048,2.475,0.8163219105113637,0.44678955078125
11,0.03958480283984517,4,2,1,0.134,0.7777,0.0883,1.0,0.7480513139204545,0.5497462417140151
10,0.022434474683819323,1,2,5,0.4653,0.1785,0.3562,8.025,0.8012499999999999,0.4984375
11,0.04883627767225316,4,0,10,0.6252,0.055,0.31980000000000003,1.0,1.0,0.6529442148760332
11,0.03946915342892853,2,0,0,0.6572,0.0685,0.2743,1.15,0.999334161931818,0.44034923206676135
12,0.013155579256619749,3,0,2,0.2256,0.4096,0.3648,1.975,0.5806783040364586,0.5186908176967077
10,0.03772605500063913,2,1,5,0.215,0.3036,0.4814,5.55,0.701875,0.5805998883928571
12,0.013301577629328725,2,1,5,0.0783,0.9134,0.0083,4.0,0.940869140625,0.6514784071180555
10,0.02348061391564192,5,1,5,0.5382,0.1095,0.3523,1.0,0.62837890625,0.5429694475446428
11,0.04319915396090294,2,1,7,0.09,0.4333,0.4767,1.3,0.6065030184659091,0.7115263967803032
10,0.046463272918033656,3,1,7,0.3559,0.1387,0.5054,1.475,0.7977636718750001,0.5652898615056818
10,0.012284633168305551,4,2,8,0.9684,0.005,0.0266,1.0,0.937919921875,0.400213623046875
10,0.020008951457417937,2,1,4,0.2392,0.3274,0.4334,2.15,0.8621874999999999,0.6169921875
10,0.024534039208805362,3,1,1,0.6021,0.2419,0.156,1.125,1.0,0.40499999999999997
11,0.035844335941703075,3,0,6,0.3357,0.58,0.0843,1.525,0.6285489169034092,0.5328990589488637
12,0.0448186783103055,2,1,2,0.4843,0.464,0.05170000000000001,7.175,0.9237141927083335,0.609079861111111
11,0.029187118830008775,2,1,0,0.0099,0.3544,0.6357,3.3,0.9987926136363636,0.43362926136363633
12,0.03114837998819471,3,0,4,0.0264,0.3469,0.6267,1.025,0.7240356445312499,0.5168542226155599
12,0.045389509223844056,3,2,2,0.5814,0.3338,0.0848,1.025,1.0,0.5221590909090909
11,0.01280501072946514,2,2,3,0.8596,0.1251,0.015299999999999989,2.1,0.8564675071022727,0.5601851029829545
12,0.027968261637828333,5,0,6,0.2522,0.5921,0.1557,1.0,0.6951324462890625,0.5063579256572421
11,0.012267701125596622,5,1,6,0.9275,0.0242,0.04830000000000001,1.0,0.721719637784091,0.4739636389001623
10,0.049751139113212176,1,1,2,0.5258,0.0871,0.3871,6.325,0.8103906249999999,0.6494335937499999
11,0.0451997859851064,5,1,4,0.9038,0.0814,0.0148,1.0,0.9829478870738637,0.3400452769886364
10,0.035963830528261055,2,0,7,0.7169,0.1882,0.0949,3.35,0.717919921875,0.5402669270833332
11,0.01589769807451418,3,2,8,0.3389,0.4338,0.2273,1.15,1.0,0.7204545454545455
12,0.031208788045275104,4,1,2,0.2755,0.1424,0.5821,1.0,1.0,0.425
12,0.04329310440762977,3,2,4,0.5499,0.3905,0.059599999999999875,1.025,0.7934590657552084,0.5068079861727629
12,0.024641755642075144,2,1,9,0.1801,0.3032,0.5167,1.725,0.7709554036458334,0.6096394856770834
11,0.03181835379037208,2,1,6,0.0022,0.1367,0.8611,7.8,0.7242542613636365,0.45397727272727284
10,0.043258399480946556,5,0,3,0.6045,0.1801,0.2154,1.0,0.7659277343750001,0.5124202530867569
11,0.03111264404920771,5,1,3,0.8407,0.0639,0.0954,1.0,1.0,0.5878787878787878
10,0.02052090901713001,4,2,3,0.6299,0.3036,0.06649999999999999,1.05,1.0,0.49499999999999994
10,0.013768308072793441,3,0,6,0.3146,0.3566,0.3288,5.1,0.8107324218749999,0.5357832605698529
12,0.028408797015349534,3,0,1,0.4538,0.2595,0.2867,2.0,0.9518758138020834,0.516659969753689
11,0.03293816855192572,1,1,4,0.3322,0.5881,0.07970000000000001,7.25,0.7340909090909091,0.3681818181818182
10,0.01543505741679004,3,0,6,0.1786,0.4919,0.3295,2.65,0.76509765625,0.539501953125
10,0.013870850055943771,5,2,1,0.7712,0.0619,0.1669,1.0,1.0,0.481375
10,0.041387797901577504,2,0,2,0.3892,0.5698,0.041,1.65,0.6520410156250002,0.4818910047743056
10,0.019260625572372767,3,1,4,0.9581,0.0292,0.012699999999999989,1.0,0.9786718750000001,0.5075000000000001
10,0.043212302182952037,3,0,5,0.5563,0.1747,0.269,1.0,0.47332519531249984,0.4701343383789062
11,0.046249752122711596,2,2,5,0.193,0.5283,0.2787,8.35,0.7338423295454546,0.5631036931818182
11,0.02295883957648031,2,1,5,0.2973,0.4793,0.2234,2.425,0.8683882279829547,0.5278508966619319
10,0.020628119492075277,4,1,6,0.2075,0.656,0.1365,1.0,0.7295703125,0.6565570068359375
10,0.028372344510137044,2,2,2,0.3122,0.1616,0.5262,6.825,1.0,0.446875
11,0.04694691577138955,2,2,3,0.1007,0.5828,0.3165,5.425,0.7960227272727274,0.5337357954545454
12,0.015758630125678103,1,2,10,0.7677,0.089,0.1433,8.0,0.5279947916666667,0.5173502604166667
11,0.014056758760732526,1,1,7,0.5228,0.3287,0.1485,7.4,0.8338068181818183,0.46931818181818186
11,0.030496087447580915,4,1,5,0.3006,0.056,0.6434,1.0,0.7525279651988636,0.657296475497159
11,0.039417671300929234,3,1,1,0.7313,0.0299,0.2388,1.025,0.8528497869318183,0.49067138671875005
10,0.0195617422142408,5,0,1,0.917,0.0514,0.0316,1.0,0.6346533203125,0.4819634922572543
11,0.04959139733717212,1,0,9,0.3543,0.0931,0.5526,8.725,0.8181818181818181,0.49943181818181814
11,0.024069017951689836,2,1,9,0.769,0.0866,0.1444,6.1,0.6593039772727272,0.5305220170454545
11,0.02154139293331622,5,1,4,0.2269,0.4758,0.2973,1.0,0.6021994850852274,0.4844254768668831
12,0.03499444739503315,3,2,8,0.6505,0.3052,0.04429999999999999,1.025,0.7088012695312499,0.5561002095540364
10,0.03839678343595968,2,2,5,0.6951,0.2467,0.0582,1.875,0.829375,0.51294921875
12,0.014671141283977389,2,1,4,0.1911,0.4198,0.3891,6.8,0.8310384114583333,0.5404384068080359
11,0.036476871643490186,3,0,4,0.9282,0.0053,0.0665,3.15,0.7132279829545454,0.5002130681818182
11,0.019844611102655486,2,1,8,0.5577,0.3392,0.1031,1.275,0.7556640625,0.5659446022727271
11,0.014144996989863757,1,1,5,0.5309,0.081,0.3881,4.775,0.9903053977272727,0.3696910511363636
11,0.041169352355379565,1,1,9,0.7931,0.0891,0.11779999999999999,6.5,0.7502752130681818,0.4521898674242424
11,0.014205984589007053,3,2,9,0.1415,0.1467,0.7118,1.025,0.9753062855113637,0.6079412286931818
12,0.01864438054858319,1,1,3,0.3061,0.0663,0.6276,5.475,0.87939453125,0.5840983072916666
11,0.049507504973463234,1,1,4,0.3021,0.0284,0.6695,6.3,0.7340909090909091,0.5443181818181818
11,0.03808200862718356,2,2,3,0.7376,0.0923,0.1701,2.9,0.76005859375,0.49228515625
10,0.03228949056941317,4,2,3,0.3713,0.3616,0.2671,1.0,1.0,0.5850000000000001
11,0.03827791138541061,5,1,4,0.6842,0.2572,0.05859999999999999,1.0,0.8211692116477274,0.702725497159091
12,0.02628923514042668,5,1,3,0.547,0.1114,0.3416,1.0,1.0,0.5833333333333334
11,0.045151379925012905,4,0,3,0.7885,0.0791,0.13240000000000002,1.025,0.6252863103693181,0.5613937504035382
11,0.010172018338190644,1,1,2,0.7264,0.2548,0.0188,3.5,1.0,0.8011363636363636
12,0.013461570748491072,2,0,0,0.0577,0.4288,0.5135,2.2,0.7856475830078125,0.611262003580729
10,0.01903908048184361,3,2,2,0.4032,0.1616,0.4352,1.025,0.6890185546875001,0.57266357421875
10,0.023214892352102064,3,0,5,0.8185,0.1252,0.0563,1.05,0.5439208984375,0.726827392578125
11,0.030863444355452845,4,1,3,0.2195,0.547,0.2335,1.625,0.6786931818181818,0.45794289328835214
11,0.010360595915069475,4,1,9,0.9465,0.0045,0.049,1.0,0.7881036931818182,0.3536171653053978
11,0.01863078029904004,4,2,5,0.5564,0.3246,0.119,1.025,0.7217662464488637,0.5886213822798296
12,0.02680303018195048,4,1,5,0.7011,0.1265,0.1724000000000001,1.0,0.8542816162109375,0.5168938246227447
11,0.010893747683831015,4,1,1,0.1436,0.6596,0.1968000000000001,1.025,0.9748224431818182,0.6162805730646307
10,0.011664457066620587,3,1,5,0.7251,0.0062,0.2687,1.0,0.8502148437500001,0.494102783203125
12,0.033041378126453635,5,2,1,0.3283,0.3139,0.3578,1.0,0.686505126953125,0.4444712320963541
12,0.04395907434101496,2,1,3,0.1045,0.3618,0.5337,4.425,0.9390625,0.5065755208333333
10,0.030676016297606364,3,1,6,0.3905,0.3671,0.2424,1.275,0.8156640625,0.49499999999999994
11,0.014011036407937497,1,1,10,0.9987,0.0004,0.0009,5.5,0.7994673295454545,0.4627840909090909
11,0.04243325704347621,2,1,2,0.9709,0.0284,0.000700000000000011,2.6,0.7517489346590909,0.202978515625
11,0.04676442663009131,3,0,3,0.3893,0.5604,0.0503,1.35,0.7428244850852274,0.4538454922762785
11,0.025364897741676686,2,1,5,0.6282,0.3131,0.05869999999999999,4.95,0.6997514204545455,0.47521898674242424
10,0.012636233019138183,4,1,5,0.611,0.0149,0.3741,1.0,0.784814453125,0.6598883056640625
11,0.019695662194283845,4,1,5,0.3967,0.3034,0.2999,1.05,1.0,0.7263636363636364
11,0.049800186750834724,2,2,4,0.5279,0.0818,0.3903,1.6,0.7866743607954546,0.39622025923295456
11,0.029451608300974486,3,1,4,0.5155,0.1754,0.3091,1.0,0.9489302201704544,0.6329212535511364
12,0.04890914709224878,2,0,9,0.6634,0.0731,0.2635,3.025,0.55616455078125,0.4344050089518229
12,0.018097448409231845,3,2,1,0.7952,0.0169,0.1879,1.975,1.0,0.5366666666666667
12,0.029544498155952476,4,0,1,0.4398,0.0119,0.5483,1.0,0.5640604654947916,0.6377844366506368
10,0.04380827175667781,5,2,3,0.0338,0.5871,0.3791,1.0,1.0,0.3985714285714286
10,0.04609225505582768,3,2,3,0.5554,0.0029,0.4417,2.35,1.0,0.49625
11,0.032503316601555414,3,2,8,0.0924,0.4884,0.4192,1.875,0.8149369673295453,0.5232413552024147
10,0.037884521325126506,2,2,1,0.0937,0.3547,0.5516,1.9,0.768671875,0.7640216936383929
11,0.032166480413652554,1,1,3,0.7414,0.0767,0.1819,4.6,0.9055397727272727,0.45790127840909084
12,0.048772588703612896,2,2,6,0.2696,0.4296,0.3008,2.125,0.7384785970052085,0.4181477864583334
10,0.012611299910365166,4,2,1,0.8076,0.1653,0.0271,1.0,0.7501416015625001,0.3431722586495536
11,0.021759454232110335,5,2,3,0.7131,0.2389,0.048,1.0,0.5153098366477273,0.5179528438683711
11,0.036116032453124475,3,1,1,0.85,0.0374,0.1126,1.0,0.6469371448863636,0.3776321741409632
10,0.02129772452585063,3,1,8,0.3247,0.4224,0.2529,1.0,0.7351123046875001,0.44073486328125
10,0.021778843138319334,5,0,4,0.4781,0.4325,0.0894,1.0,0.998095703125,0.4682519531250001
12,0.04399889276644571,4,1,10,0.6679,0.1044,0.2276999999999998,1.025,0.5697082519531251,0.6427029927571615
11,0.025406250350207736,3,1,5,0.8343,0.0343,0.1314,1.1,1.0,0.5363636363636364
11,0.030972920341269097,2,1,5,0.0521,0.4999,0.448,5.375,0.8171875,0.5159801136363636
11,0.0369638915620133,2,2,6,0.4143,0.4349,0.1508,3.05,0.8292191938920453,0.48919877485795454
10,0.013146493016224373,4,1,8,0.5958,0.243,0.1612,1.0,0.95734375,0.3734130859375
11,0.03657202983181853,2,0,6,0.5627,0.0676,0.36970000000000003,1.95,0.5987992720170454,0.4241044477982955
11,0.0162929785498438,1,1,1,0.2805,0.0331,0.6864,5.25,0.7839488636363636,0.5344105113636363
10,0.048990293262465345,4,1,2,0.4726,0.2504,0.277,1.025,0.8206152343750001,0.50749755859375
11,0.011684530975034952,2,0,1,0.1247,0.0966,0.7787,3.025,0.5842706853693184,0.4021517666903408
10,0.02285820918468358,2,0,0,0.1405,0.0143,0.8452,2.6,0.6220019531250001,0.5076794433593748
11,0.03787370201197792,3,0,6,0.7022,0.1825,0.11530000000000001,1.55,0.7556174538352273,0.4852738021256087
10,0.02940684787190745,4,1,1,0.677,0.3199,0.003099999999999778,1.0,1.0,0.64125
11,0.040717951849612015,3,0,3,0.5789,0.2129,0.2082,1.0,0.8002885298295453,0.5900332425820707
11,0.02677631789873631,4,2,2,0.7908,0.1061,0.10310000000000011,1.0,0.6227761008522729,0.470051435990767
11,0.01316699095077431,4,1,2,0.9813,0.0046,0.0141,1.025,0.9990478515625,0.5444047407670454
10,0.03898326557179602,3,0,1,0.637,0.0316,0.3314,1.0,0.6068408203125,0.5821435546875
11,0.04406841932667178,4,1,7,0.3175,0.3811,0.3014,1.0,0.6815984552556819,0.4734770063920456
12,0.037822170380175615,4,1,8,0.5204,0.0492,0.4304,1.425,0.84432373046875,0.4077894422743055
12,0.03107482837816842,4,1,1,0.8651,0.1112,0.0237,1.075,0.8041300455729168,0.4944127400716146
12,0.02270729955288682,5,1,6,0.9509,0.0086,0.0405,1.025,0.877490234375,0.5164718288845487
12,0.03896252977613248,5,1,1,0.1061,0.1257,0.7682,1.0,0.8870788574218749,0.47388592674618674
12,0.03388865149283315,4,1,6,0.3918,0.5699,0.03829999999999999,1.0,0.80592041015625,0.6452819824218751
11,0.045727781029831854,4,0,1,0.9502,0.0154,0.0344,1.0,0.9720902876420453,0.4463961763006701
11,0.03694539698637758,3,1,6,0.3695,0.5981,0.0324,1.925,0.6202658913352274,0.5549050071022726
12,0.0386587926477433,2,1,2,0.1711,0.656,0.1729,1.65,0.9941569010416668,0.45312519728535355
11,0.0292729674569207,3,0,3,0.2669,0.5041,0.229,2.075,0.9203657670454547,0.4881747159090909
12,0.04843997027989996,3,1,8,0.9015,0.0495,0.04899999999999999,1.425,0.80369873046875,0.6022745768229167
11,0.04634026605134247,5,1,3,0.1096,0.825,0.0654,1.075,0.634375,0.571382002397017
10,0.02969859124870483,4,2,2,0.8575,0.093,0.04949999999999999,1.0,0.777578125,0.5110205078125001
10,0.030733608448057288,2,2,10,0.8836,0.036,0.0804,7.825,0.707275390625,0.45866210937499996
11,0.04470591422928229,2,1,4,0.1705,0.0109,0.8186,2.65,0.933220880681818,0.789635564630682
12,0.04513011278606327,4,2,10,0.1972,0.5648,0.238,1.0,0.8053181966145836,0.5724284871419271
11,0.025693514194912823,5,2,1,0.1245,0.2602,0.6153,1.0,0.845321377840909,0.3812947591145834
11,0.031181380041749314,4,2,10,0.1699,0.0699,0.7602,1.0,0.9484108664772727,0.4730768377130682
12,0.02936313672637432,3,2,3,0.0171,0.4465,0.5364,1.525,0.9909627278645832,0.6633127848307291
11,0.0219045227130482,2,1,1,0.9107,0.086,0.003300000000000111,2.475,0.8005681818181818,0.4606889204545455
10,0.047592764210951356,3,1,9,0.6929,0.1089,0.1982,1.0,1.0,0.595
11,0.02697921645965428,4,2,5,0.7173,0.2118,0.07089999999999999,1.0,0.6310036399147727,0.4978162730823864
12,0.0468995512744983,2,1,1,0.4745,0.2875,0.238,5.7,0.8976236979166666,0.6311507936507936
11,0.02072069514656602,5,1,2,0.1723,0.3338,0.4939,1.0,0.5388316761363636,0.43483629543199853
10,0.034218936639624144,1,1,8,0.8514,0.1125,0.0361,5.0,0.36109375,0.4986328125
11,0.03937045425436683,3,2,9,0.832,0.0327,0.13530000000000011,1.525,0.9016290838068182,0.5133012251420453
11,0.021549645726269495,1,1,2,0.0556,0.7182,0.2262,5.725,1.0,0.809090909090909
12,0.01151603673883285,3,2,7,0.2608,0.2295,0.5097,1.0,1.0,0.5813802083333334
11,0.01537045366802663,1,1,1,0.2469,0.5488,0.2043,6.65,0.5811967329545454,0.5115573212594697
12,0.03570634976323287,2,1,2,0.2739,0.4516,0.27449999999999997,3.725,0.990625,0.520486111111111
12,0.048106866629243523,5,0,7,0.7352,0.2047,0.0601,1.0,0.5371368408203125,0.4958017985026042
12,0.02503372322012621,2,1,8,0.0883,0.8414,0.0703,3.35,0.9776346842447916,0.6032210795084636
10,0.04516299426790977,2,2,2,0.9993,0.0005,0.00020000000000011103,2.225,0.6934375,0.5660807291666666
11,0.04526275134476858,3,2,4,0.138,0.4261,0.4359,1.4,0.6703524502840909,0.6213589754971591
12,0.020535849331658952,5,1,9,0.7632,0.0512,0.1856,1.0,0.5797454833984375,0.4998341878255208
11,0.04288285732069732,5,1,9,0.6482,0.2799,0.07190000000000012,1.0,0.6405517578125,0.4950514359907672
11,0.029351337070889424,3,2,9,0.3264,0.3903,0.2833,1.675,1.0,0.6318181818181818
11,0.048151893662686227,4,1,5,0.5888,0.0182,0.393,1.0,0.936638849431818,0.41075340810448235
12,0.018354844281591478,2,1,2,0.555,0.302,0.143,1.95,0.8010009765625,0.6171040852864582
11,0.02561874875522274,3,2,0,0.9431,0.0395,0.0174,1.05,0.8368963068181821,0.5241362031523165
11,0.010017744912163238,4,2,7,0.7656,0.1888,0.04560000000000011,1.0,0.8486949573863637,0.4757734818892045
11,0.03907903925170599,3,1,0,0.3723,0.161,0.4667,1.025,0.9808460582386364,0.3739241166548296
10,0.03860475197134754,3,1,3,0.6489,0.0258,0.3253,1.1,0.6716992187499999,0.457763671875
10,0.0338954563055519,4,0,2,0.3741,0.1638,0.4621,1.0,0.375439453125,0.6036386108398437
11,0.027259747752130477,4,1,7,0.0111,0.5263,0.4626,1.0,0.9948197798295455,0.366570859966856
10,0.025790000022453068,1,2,2,0.176,0.3506,0.4734,2.95,0.75625,0.5982142857142858
10,0.04897564313795878,4,1,7,0.9233,0.074,0.0027,1.15,0.991240234375,0.5471069335937502
11,0.04531023684793089,1,1,0,0.9635,0.0125,0.024,6.575,0.9979048295454545,0.5876154119318181
11,0.018598428230496913,3,0,1,0.1266,0.6178,0.2556,1.0,0.5450528231534091,0.5098298826417722
11,0.041117447010566015,4,1,8,0.6907,0.0548,0.2545,1.625,1.0,0.5420454545454545
10,0.04819146868208149,5,1,9,0.1251,0.7101,0.1648,1.0,0.9940527343750001,0.5635
10,0.0170614705158474,2,0,3,0.2277,0.7662,0.0061,1.25,0.5144189453125,0.37366123744419644
10,0.028718028207682794,3,0,2,0.0666,0.1857,0.7477,2.275,0.7284472656250001,0.47392939028532616
10,0.012725428475741162,3,0,1,0.8552,0.0473,0.09749999999999999,1.0,0.3602294921874999,0.47729227701822924
10,0.03206720621176114,3,0,6,0.5411,0.2404,0.2185,3.125,0.63439453125,0.44747851562499996
10,0.03186440352695745,3,0,4,0.7229,0.174,0.1031,1.075,0.9033789062500001,0.56560302734375
11,0.04166933296017462,4,0,6,0.6931,0.0687,0.2382,1.0,0.4822998046875,0.5073150660293094
11,0.01666086460003161,5,0,6,0.3841,0.1364,0.47950000000000004,1.0,0.36687899502840904,0.45416241270123103
11,0.010577618574548635,3,0,8,0.6358,0.2893,0.0749,1.0,0.7159135298295454,0.5602241957483212
12,0.03231155166829695,1,0,1,0.9479,0.0398,0.0123,3.4,0.7940185546875,0.3911458333333333
11,0.03904949250482453,3,0,7,0.7639,0.1911,0.04499999999999988,1.925,0.5707919034090908,0.5398964251893938
11,0.01933428687251001,3,1,9,0.3505,0.6457,0.0038,2.325,0.8836647727272726,0.47115679120684
11,0.03189159466199335,3,0,0,0.2193,0.6273,0.1534,1.475,0.7028586647727273,0.5194581135010823
11,0.02619824140796416,5,0,1,0.8322,0.0102,0.1576,1.075,0.5909934303977272,0.45522810502485794
11,0.01083937865202721,4,0,2,0.0604,0.5891,0.3505,1.875,0.9673006924715908,0.5446666370738636
10,0.012577611216938048,2,1,1,0.7957,0.1304,0.0739000000000001,1.0,0.756064453125,0.49876953124999995
11,0.042930155255932745,2,1,8,0.3958,0.5226,0.08160000000000012,3.525,0.6893288352272726,0.44129971590909084
11,0.048803530016247744,5,1,5,0.6272,0.1054,0.2674,1.0,0.6241188742897729,0.5264931418678979
11,0.0136241617240794,1,2,6,0.863,0.0344,0.10259999999999998,2.775,0.6710759943181819,0.5943181818181819
11,0.012546857636426682,1,1,6,0.2489,0.5417,0.2094,8.825,0.5590909090909092,0.4545454545454545
11,0.026186475560828086,3,2,6,0.4362,0.4343,0.1295,1.0,0.7004483309659092,0.46750876686789766
10,0.04727643154861831,4,2,3,0.0793,0.0593,0.8614,1.0,1.0,0.578
12,0.010673141481327303,3,2,3,0.9768,0.0175,0.0057,3.7,0.95302734375,0.58388671875
11,0.014733907363704562,2,1,4,0.6915,0.016,0.2925,3.475,0.8227272727272726,0.5386541193181819
12,0.03433561160523748,4,1,4,0.339,0.2216,0.4394,1.0,0.80782470703125,0.4425802130448192
11,0.032701938807147245,2,2,8,0.4738,0.4371,0.08910000000000001,1.0,0.7419655539772727,0.44329944957386347
10,0.033735538117102455,5,0,7,0.7821,0.2175,0.00039999999999998896,1.0,0.6800244140625,0.4526167628184085
11,0.04285301512177607,5,1,1,0.4162,0.0098,0.5740000000000001,1.0,0.9948131214488635,0.5420285311612215
11,0.023153091047982133,4,0,6,0.8506,0.0673,0.0821,1.0,0.36255104758522727,0.4758217904587423
11,0.04050190237278583,3,1,3,0.863,0.0279,0.1091,1.475,1.0,0.6318181818181818
11,0.04850391004289694,3,1,6,0.4517,0.3441,0.2042,1.025,0.939581853693182,0.48174493963068177
12,0.02145942126675144,1,0,4,0.4547,0.3813,0.164,5.25,0.8226725260416667,0.5693806966145833
11,0.04109274731520983,1,1,6,0.4522,0.4916,0.0562,4.45,0.8882191051136363,0.5376819957386363
11,0.028789869465245484,5,1,0,0.638,0.1072,0.2548,1.0,0.5667724609375,0.5431729086343344
11,0.04389446930406517,2,0,4,0.5315,0.2323,0.2362,1.725,0.7819513494318181,0.42182712307224024
12,0.016689567335598458,2,1,7,0.5858,0.3115,0.10269999999999999,2.175,0.7953450520833334,0.4463541666666666
11,0.025928479628792814,3,0,8,0.3976,0.2709,0.3315,1.0,0.9764559659090908,0.39828263099747474
10,0.01416867265743809,1,1,9,0.3979,0.2321,0.37,6.0,0.41499999999999987,0.47562499999999996
12,0.03933899853979858,3,2,0,0.0573,0.4029,0.5398,1.25,0.9343749999999998,0.510302734375
11,0.02993502429460146,1,2,1,0.4203,0.3211,0.2586,6.875,0.3815340909090909,0.47136600378787874
11,0.04851825693237402,4,2,5,0.8936,0.0608,0.04560000000000011,1.0,1.0,0.6630681818181817
12,0.03800439622426371,4,0,10,0.6469,0.0348,0.3183,1.175,0.660479736328125,0.5856503404889789
12,0.024955591644443283,4,2,1,0.253,0.0698,0.6772,1.05,0.6697550455729168,0.41340657552083326
12,0.03589229052515927,2,1,6,0.9792,0.0109,0.009900000000000011,3.0,0.7619913736979166,0.5476603190104166
11,0.04569787724140328,2,1,5,0.9378,0.0011,0.0611,1.425,0.8905894886363637,0.5431818181818182
10,0.01635866568484018,3,2,0,0.8696,0.1124,0.018,1.925,0.94095703125,0.40718994140625
12,0.020861269333159658,2,1,5,0.6245,0.2338,0.1417,3.15,0.93271484375,0.5034912109374999
12,0.04238148270394229,3,1,0,0.6698,0.0883,0.24189999999999998,1.325,0.998828125,0.3793039957682292
10,0.03347499083883924,2,1,9,0.411,0.2069,0.3821,3.4,0.70287109375,0.5230859375
11,0.041100787695334255,1,1,9,0.7223,0.1976,0.0801,4.55,0.9335227272727273,0.3917613636363636
11,0.022275964407329978,2,2,6,0.2231,0.1446,0.6323,1.95,0.9509321732954545,0.4882213245738637
11,0.02436337728437611,3,1,6,0.1742,0.3805,0.4453,1.05,0.8163219105113637,0.3679931640625
11,0.034069603098911654,3,1,4,0.0586,0.2079,0.7335,1.0,0.6780007102272728,0.5202157315340907
11,0.038053261034372086,4,1,10,0.4261,0.5134,0.0605,1.6,1.0,0.5586363636363636
11,0.02589187529688952,3,0,0,0.4164,0.4731,0.11049999999999999,1.025,0.9901899857954547,0.45490944602272726
11,0.039314592959301654,4,1,2,0.6866,0.0841,0.2293,1.95,0.8710537997159091,0.4173872514204545
11,0.046569815974494555,4,2,9,0.3335,0.3234,0.3431,1.0,0.6966974431818181,0.6723277698863634
12,0.045966802751948165,4,2,1,0.297,0.1897,0.5133,1.0,1.0,0.5770833333333334
10,0.04948940845089706,4,1,7,0.6095,0.2635,0.127,1.0,0.995048828125,0.5033333333333333
11,0.04752450228262884,2,1,4,0.997,0.0009,0.0021,4.275,0.9446022727272727,0.46413352272727276
11,0.03196464604302878,1,0,3,0.8697,0.0425,0.0878,6.625,0.8126420454545455,0.6270596590909092
11,0.048331577512782324,3,1,9,0.9225,0.0043,0.0732,1.55,0.7489790482954546,0.31224143288352274
11,0.011339316419559724,3,0,0,0.3632,0.3223,0.3145,1.0,0.7311834161931817,0.5757473053141711
11,0.040189090952039964,3,2,2,0.7107,0.0643,0.225,1.0,0.9282270951704547,0.3960733309659092
10,0.04725825195210019,3,1,2,0.1946,0.6436,0.1618,1.625,0.91087890625,0.5170149739583334
11,0.04529304738024883,4,0,7,0.1777,0.6599,0.1624,1.0,0.446133700284091,0.45935200792933395
11,0.0130292687607668,4,1,2,0.4012,0.3505,0.2483,1.0,0.6677556818181818,0.6138645981297349
10,0.03195517896744923,3,0,4,0.8776,0.052,0.0704,1.325,0.727685546875,0.5613767311789772
10,0.015742306224497533,3,1,3,0.226,0.3885,0.3855,1.075,0.9243359375000001,0.4061348470052083
11,0.024203233436780672,3,1,7,0.384,0.0668,0.5492,1.05,0.7501908735795454,0.559225186434659
11,0.03645369755267823,3,0,7,0.6895,0.2336,0.0769,1.625,0.9361749822443182,0.48782660073199224
11,0.015276941551350513,5,1,6,0.5452,0.1907,0.2641,1.0,0.6733953302556819,0.28301302823153407
11,0.04304446305446724,3,1,3,0.5896,0.2706,0.1398,1.275,0.6272771661931819,0.4169417106331169
12,0.03143402125658868,2,0,8,0.7156,0.0654,0.219,2.225,0.6957092285156251,0.19332885742187497
10,0.0427565321111532,2,2,5,0.4928,0.3264,0.1808,6.75,0.9025000000000001,0.42328124999999994
12,0.020470944769216928,2,2,2,0.3374,0.2612,0.4014,3.45,0.929736328125,0.4259507921006945
11,0.04634872401869374,5,0,1,0.9334,0.0196,0.047,1.0,0.5227960759943182,0.6232256463561393
10,0.041378775756560536,1,2,2,0.9035,0.0373,0.0592,5.675,0.9893359374999999,0.4996484375
11,0.042053710557761775,2,2,9,0.1273,0.2168,0.6559,3.4,0.7818714488636365,0.6578074269480518
11,0.030171408394807316,4,0,2,0.493,0.4823,0.02469999999999999,1.0,0.9152454723011363,0.4525607693163889
10,0.03380252158907792,2,1,2,0.6398,0.0382,0.322,2.35,0.8131640625,0.571297898065476
10,0.01471305382026411,2,2,1,0.9148,0.0132,0.0720000000000001,3.35,0.8248339843749999,0.42839192708333335
10,0.015453618581932265,4,1,2,0.9131,0.0603,0.0266,1.0,0.6954980468749999,0.53108154296875
11,0.03281457024868666,1,1,3,0.6878,0.1637,0.14850000000000002,7.125,0.81875,0.3961931818181818
12,0.03082140703321834,4,1,8,0.0847,0.2592,0.6561,1.0,0.6960957845052083,0.6281156073676215
11,0.017843832701852476,2,1,1,0.8958,0.0021,0.10209999999999998,2.875,1.0,0.525
12,0.03476830186109706,3,1,3,0.0545,0.2553,0.6902,1.0,0.57401123046875,0.6257080078125
11,0.04371931741461276,4,0,9,0.099,0.2728,0.6282,1.0,0.44172363281249993,0.4851312567362564
12,0.01641585529187299,4,1,4,0.2246,0.5293,0.2461,1.95,0.6556396484375001,0.6188927205403646
11,0.04925111235947841,2,2,9,0.4309,0.2415,0.3276,1.025,1.0,0.6539772727272727
10,0.038553086003433934,3,0,9,0.1023,0.6784,0.2193,1.0,0.98318359375,0.540935756138393
11,0.03953470464622797,2,1,4,0.1637,0.6358,0.2004999999999998,2.0,0.7813920454545455,0.4319602272727273
11,0.0212053095814127,3,2,10,0.6141,0.0841,0.3018,1.0,0.7756591796875001,0.39546228834420194
10,0.030682710783932803,3,2,7,0.897,0.0007,0.10229999999999999,1.3,0.692861328125,0.48619185014204547
11,0.016213336550672836,2,2,6,0.3847,0.2178,0.3975,2.675,0.85146484375,0.4469282670454545
11,0.04544351110293984,2,0,4,0.9743,0.0036,0.0221,3.525,0.7083540482954545,0.6030909682765152
11,0.02949268835100855,3,1,5,0.7408,0.0416,0.2176,2.375,1.0,0.3568181818181818
10,0.01446627719547284,3,0,8,0.3753,0.1396,0.4851,2.925,0.62599609375,0.4709895833333334
10,0.043181261705255825,1,1,3,0.3576,0.2353,0.4071,4.725,0.9207812499999999,0.588359375
11,0.049696090605004205,2,1,8,0.9809,0.0189,0.0002,4.525,0.7645596590909092,0.34859730113636367
10,0.031666399251540994,2,1,1,0.955,0.0322,0.0128,7.625,0.5125,0.47912499999999997
11,0.049563521336403356,3,2,9,0.4042,0.3272,0.2686,1.05,1.0,0.44772727272727264
11,0.0317522117854355,2,2,5,0.9389,0.0316,0.02950000000000011,5.15,0.963165838068182,0.5474198774857955
11,0.047015454268029985,2,0,8,0.2801,0.1375,0.5824,1.075,0.700634765625,0.5003373579545455
10,0.04453596283083101,4,2,3,0.9346,0.0387,0.0267,1.0,0.7479248046875,0.4235626220703125
11,0.02557024469960073,4,0,4,0.2784,0.7184,0.0032,1.025,0.6404740767045455,0.4746934291294641
10,0.03884921190285448,1,1,2,0.3554,0.0163,0.6283,7.775,1.0,0.49800000000000005
12,0.03257653732121201,2,1,8,0.1901,0.2555,0.5544,1.425,0.7146586100260416,0.4894449869791666
10,0.0201724011039768,4,1,1,0.6092,0.0755,0.3153,1.0,0.69787109375,0.6288488769531251
10,0.028724858260290184,3,0,0,0.4893,0.3746,0.1361,1.05,0.73669921875,0.4375286865234374
12,0.022850218116066006,3,1,0,0.8469,0.126,0.02710000000000001,2.325,0.9616902669270833,0.5235595703125
12,0.04920852550026034,4,2,1,0.9223,0.0005,0.0772,1.0,0.9990234375,0.21483723958333334
12,0.017529138661012175,3,1,8,0.1846,0.5716,0.2438,1.025,0.8269856770833333,0.45466634114583326
10,0.027645311221050385,3,1,9,0.0497,0.0042,0.9461,1.0,0.998095703125,0.5946785481770833
10,0.03210131700674919,2,1,8,0.3078,0.3445,0.3477,2.125,0.8046093750000001,0.3905595703125
11,0.03745640583545903,4,2,0,0.76,0.1731,0.0669,1.125,1.0,0.36363636363636365
12,0.04719430663579616,5,0,3,0.5439,0.1248,0.3313,1.0,0.9778269449869793,0.37868142506432906
12,0.03971204631191677,5,1,9,0.14,0.2729,0.5871000000000001,1.0,0.4987335205078125,0.503593037923177
12,0.017540941784025675,2,1,6,0.8703,0.0826,0.0471,3.525,0.7770019531249999,0.599609375
11,0.04092734049749082,2,0,4,0.7125,0.0954,0.1921,5.05,0.7743918678977272,0.5261379542495266
11,0.048947054060265054,3,1,9,0.8046,0.0001,0.1953,1.325,0.9111039595170457,0.5702891956676137
11,0.02768088540887695,3,1,5,0.2341,0.5132,0.2527,1.0,0.7637140447443183,0.6333529385653408
12,0.0342115728171985,5,0,7,0.3995,0.4369,0.1636,1.0,0.501629638671875,0.594118414984809
12,0.019381083013016148,2,1,3,0.1526,0.2117,0.6357,1.125,0.9216064453125,0.4558308919270833
11,0.040563172309681476,3,1,10,0.6257,0.2402,0.1341,1.075,0.9299449573863636,0.4492439038825758
12,0.0480953512607514,4,1,6,0.4137,0.4293,0.157,1.025,0.5935791015625,0.329286704088645
11,0.03154444241886985,3,1,7,0.6216,0.1933,0.1851,1.075,0.940731534090909,0.3672940340909091
12,0.02955111089245608,1,2,9,0.8263,0.0931,0.08059999999999999,8.85,0.6505208333333332,0.4695312499999999
10,0.015216830068703117,3,0,4,0.4606,0.1105,0.4289,1.0,0.8021435546875001,0.4127970784505209
12,0.04118707703890335,3,0,5,0.5356,0.0231,0.4413,1.125,0.7623728434244793,0.5382047441270614
12,0.010618324607905821,2,1,1,0.624,0.3747,0.001300000000000111,4.05,0.83671875,0.463671875
11,0.019205904904442822,3,2,10,0.4476,0.2158,0.3366,1.025,1.0,0.5454545454545454
12,0.03973945271919655,3,2,4,0.974,0.0053,0.0207,2.475,0.75625,0.4836458333333333
10,0.01853476296297754,1,1,7,0.8799,0.0036,0.1165,5.8,0.5978124999999999,0.6416796874999998
11,0.013709638649542822,4,1,6,0.4716,0.3461,0.1823,1.0,0.9806130149147727,0.5162594881924716
11,0.04191571411578473,5,0,6,0.8473,0.0902,0.0625,1.0,0.39683948863636365,0.5424951143898611
10,0.044262692119176245,2,2,4,0.469,0.1547,0.3763000000000001,3.15,0.7349218749999998,0.539111328125
12,0.0384089024739101,1,1,7,0.6375,0.1711,0.1914,5.075,0.7520833333333334,0.5665364583333334
12,0.02392561753306357,3,1,4,0.975,0.0187,0.0063,1.025,0.7249084472656251,0.6745594904972957
12,0.03458636559010655,2,1,6,0.1324,0.2598,0.6078,3.225,0.7064208984374999,0.4772875831240698
11,0.02194083200831215,5,1,9,0.626,0.2144,0.1596,1.0,0.793048650568182,0.5359585848721593
11,0.024127462896132608,4,1,4,0.8944,0.0375,0.0681,1.0,0.6455877130681819,0.5347003094561689
11,0.023401573553109282,2,1,2,0.335,0.2831,0.38189999999999996,1.25,0.7055930397727274,0.49629738547585217
10,0.048788100216692484,2,0,2,0.7918,0.0178,0.1904,1.825,0.9282080078125,0.5366828933869949
12,0.026935838603510162,5,0,9,0.6268,0.0619,0.3113,1.0,0.54166259765625,0.4868406039444858
11,0.03334895474128993,1,2,7,0.018,0.9263,0.0557,3.525,0.990625,0.4539772727272727
11,0.042421478575109535,2,1,0,0.189,0.1743,0.6367,2.7,0.8125133167613636,0.5525967684659092
11,0.01814317035620529,4,0,4,0.1409,0.6046,0.2545,1.0,0.9228715376420457,0.47655121774384473
11,0.011534373244585333,3,1,1,0.0374,0.5441,0.4185,2.025,0.9531693892045453,0.5490704160748106
11,0.03831281022800844,1,1,10,0.7858,0.1167,0.0975,8.6,0.5522727272727274,0.46463068181818185
11,0.036399386968004786,3,2,7,0.0737,0.8217,0.1046,1.025,0.9833806818181816,0.6627627840909092
12,0.04687021206311083,2,2,4,0.8621,0.0165,0.1214000000000001,7.925,0.8375,0.3709635416666667
11,0.048457080589864296,5,2,1,0.2653,0.0792,0.6555,1.025,1.0,0.6352272727272726
11,0.04392083213088022,3,1,9,0.4957,0.2972,0.2071000000000001,3.95,0.7534801136363636,0.5339621803977272
10,0.01567158367605807,3,1,6,0.7734,0.1223,0.1043,1.0,0.9824804687500001,0.40564208984374994
11,0.0485872310949029,3,1,4,0.8199,0.0117,0.1684,1.05,0.5963090376420456,0.5046360507981602
10,0.048283527484552946,1,2,6,0.2633,0.4286,0.3081,2.675,0.7025,0.5
12,0.012485630092500876,2,1,1,0.8098,0.1327,0.0575,2.05,1.0,0.4166666666666667
12,0.03730275451962194,4,0,1,0.1226,0.1471,0.7303000000000001,1.0,0.482550048828125,0.4279916325321903
12,0.03598366278729387,5,0,0,0.2356,0.4783,0.2861,1.0,0.9355906168619793,0.5974057532662163
12,0.04734642300149215,1,0,1,0.621,0.234,0.145,8.95,0.9916666666666668,0.5010416666666667
11,0.02522283085274599,2,1,5,0.1118,0.42,0.4682,1.55,0.9954723011363636,0.5434274384469697
12,0.01588803362692491,4,1,0,0.1361,0.1715,0.6924,1.0,0.5906199137369792,0.6518047474048756
11,0.04935796608847787,2,2,6,0.0597,0.7221,0.2182,2.125,0.5553622159090909,0.5803444602272727
12,0.026389969824071075,3,2,5,0.8772,0.0938,0.029,1.0,0.81552734375,0.45372543334960935
10,0.03515737352260475,4,2,5,0.3156,0.0677,0.6167,1.25,0.807138671875,0.46410400390625
10,0.035811548059032645,4,1,1,0.535,0.1151,0.3499,1.0,0.9889453125,0.5274186662946428
12,0.046403221646080836,3,1,9,0.3792,0.5962,0.0246000000000001,1.025,1.0,0.8246527777777779
11,0.03237868221508967,2,1,9,0.7093,0.2177,0.073,3.25,0.7937233664772727,0.4252796519886363
12,0.026516701117116667,3,2,3,0.413,0.2894,0.2976000000000001,2.0,1.0,0.49749999999999994
11,0.03071369322373578,4,0,7,0.8996,0.038,0.0624,1.0,0.5738680752840908,0.443133544921875
11,0.03145440400942513,5,2,6,0.6814,0.1305,0.1881,1.0,0.8480890447443183,0.6338537967566289
10,0.0332235438395925,2,2,4,0.311,0.2241,0.4649,2.975,0.771865234375,0.514970703125
12,0.027789874778392433,2,1,1,0.7292,0.0974,0.1734,1.925,1.0,0.6484374999999999
12,0.01913841160486898,4,2,2,0.2141,0.5613,0.2246,1.0,0.8868133544921875,0.45207255045572925
12,0.025353744878570096,4,2,3,0.3476,0.2649,0.3875,1.0,0.8398295084635417,0.546938951280382
10,0.04767345600374413,3,0,6,0.2386,0.2553,0.5061,1.0,0.64123046875,0.509055645282452
12,0.03271108480888624,5,1,5,0.3193,0.1557,0.525,1.0,0.9536631266276043,0.5183945898916207
11,0.04653603119407721,5,0,2,0.0543,0.4154,0.5303,1.0,0.8750244140625,0.5841128857104807
11,0.043970414380681666,2,1,8,0.2323,0.3374,0.4303,4.275,0.8448863636363637,0.55
10,0.02446296711468337,4,2,2,0.8917,0.0689,0.0394,1.0,0.705595703125,0.4191899414062501
11,0.039626256061117526,1,1,6,0.4583,0.2809,0.2608,7.65,0.8326704545454546,0.4406605113636363
10,0.04965474751822031,1,1,1,0.3813,0.4446,0.1741,5.675,0.6045312499999997,0.40233398437499995
10,0.04820364853780187,1,1,5,0.2783,0.606,0.1157,5.8,0.72203125,0.401875
10,0.012964533939763411,2,2,9,0.0614,0.2441,0.6945,2.125,1.0,0.49749999999999994
11,0.012196437116724095,1,1,8,0.9779,0.0083,0.0138,7.875,0.7115056818181819,0.40166903409090915
11,0.04946671551113661,1,2,6,0.124,0.1033,0.7727,3.275,0.9639914772727274,0.2857954545454545
12,0.017652936485256322,2,1,8,0.8435,0.0141,0.1424,3.05,1.0,0.6630952380952381
11,0.042958957776671754,3,2,4,0.4305,0.2611,0.3084,1.05,1.0,0.5443181818181818
11,0.04278466498155154,3,1,5,0.9416,0.0471,0.0113,1.4,0.856658380681818,0.3757118918678977
10,0.04379177479508702,3,0,2,0.2317,0.6064,0.1619,1.025,0.9204882812499999,0.5221845703125002
10,0.015658915139247574,3,1,1,0.6447,0.06,0.2952999999999998,1.0,0.8359765625,0.40853271484375
11,0.04669212966642205,4,2,8,0.3827,0.345,0.2723,1.25,0.6333429509943181,0.6186390269886364
12,0.04751415218425716,4,1,3,0.4075,0.3867,0.2058,1.0,0.98905029296875,0.4151092529296875
11,0.0313731659439059,1,1,3,0.506,0.4015,0.09250000000000001,4.175,0.8144176136363637,0.5265624999999999
11,0.026445236271932862,3,1,1,0.9662,0.0034,0.03040000000000011,2.85,1.0,0.6363636363636364
11,0.0406327407196597,3,0,1,0.4829,0.0423,0.4748,2.4,0.9239102450284091,0.40316143613873096
12,0.027927712306092346,4,1,8,0.1531,0.5329,0.314,1.0,0.6107696533203124,0.5321077473958333
12,0.02248483118821064,4,1,7,0.846,0.0437,0.1103000000000001,1.55,0.6228688557942709,0.4874533210704529
11,0.035658218903807146,2,2,1,0.0257,0.4682,0.5061,2.075,0.8908824573863636,0.6780069247159092
10,0.028771004534376463,5,1,4,0.1473,0.1896,0.6631,1.0,0.5542041015625001,0.5259985351562501
11,0.022161917847842848,2,2,9,0.4896,0.0381,0.4723,4.5,0.85,0.42863991477272734
10,0.01861203213129476,4,1,2,0.23,0.2315,0.5385,1.0,0.9276464843749999,0.5749121093749999
11,0.022990485807497674,2,1,6,0.3232,0.1564,0.5204,1.3,0.720068359375,0.6926680131392047
10,0.011015849028569969,3,1,3,0.573,0.1923,0.2347,1.05,0.9788476562499999,0.41151513671875006
11,0.03402552065436379,5,0,0,0.3082,0.2201,0.4717,1.0,0.7733021129261364,0.4924893465909091
11,0.04908233906572712,4,1,8,0.8374,0.158,0.0046,1.0,0.6977072975852273,0.4982224343039773
11,0.024520309537977486,3,2,9,0.1499,0.177,0.6731,1.0,1.0,0.36363636363636365
11,0.03999839305530081,3,1,7,0.0126,0.8811,0.1063,1.05,0.9863791725852273,0.5448436390269886
11,0.025434339406073737,3,1,7,0.8193,0.0925,0.0882,3.25,0.9519975142045457,0.54525146484375
12,0.03614384041677873,4,1,1,0.5828,0.3486,0.0686,1.0,0.9414754231770832,0.4681426391601562
10,0.04182819449040417,2,1,6,0.6725,0.1846,0.1429,1.075,0.5894873046875,0.48674133300781247
11,0.03932304724504694,2,2,8,0.3524,0.2258,0.4218,1.85,1.0,0.45
10,0.035354373217399856,4,0,0,0.8311,0.0157,0.1532,1.0,0.673486328125,0.4158416748046875
10,0.025066144866614824,2,2,10,0.2513,0.7103,0.0384,2.325,0.94287109375,0.5532507324218751
12,0.01157544138791086,5,2,0,0.8228,0.0538,0.1234000000000001,1.025,1.0,0.6604166666666667
12,0.035258291869137544,4,1,5,0.8751,0.0971,0.0278,1.2,0.7155537923177084,0.5369509379069012
10,0.028635873546872213,2,2,6,0.1684,0.2109,0.6207,2.6,0.5838281250000001,0.5278271484375
10,0.03134254954930975,1,0,9,0.6925,0.139,0.1685,5.375,0.85375,0.48296875000000006
12,0.010784615987531788,4,2,4,0.3115,0.4269,0.2616,1.0,1.0,0.46889880952380947
11,0.03797598547518966,1,1,3,0.9853,0.0072,0.007500000000000111,6.375,0.5892755681818181,0.4107599431818182
10,0.04575649308921051,3,2,8,0.5648,0.1057,0.3295,1.425,1.0,0.49749999999999994
10,0.02645403688654594,5,2,7,0.1558,0.8024,0.04180000000000011,1.025,0.831015625,0.44048095703124995
11,0.04942675771649367,3,1,5,0.6309,0.1794,0.18969999999999998,1.225,0.7128839666193182,0.4987774737469561
12,0.011231877790446931,3,2,5,0.5346,0.1158,0.3496,1.0,0.9124420166015625,0.47223494943946315
12,0.04672374036405502,3,1,8,0.318,0.1385,0.5435,1.025,0.4693776448567709,0.28392630683051223
11,0.039144955238552444,3,2,1,0.013,0.2492,0.7378,1.475,0.9904829545454545,0.8006392045454547
12,0.03964398669882836,2,1,8,0.3535,0.2112,0.4353,5.45,0.92890625,0.5567057291666666
11,0.0417117528490899,2,2,6,0.9773,0.0045,0.018200000000000112,2.175,0.6055974786931818,0.6121803977272728
11,0.02718195637950363,5,2,9,0.8913,0.0179,0.0908,2.1,0.7804865056818182,0.3687233664772728
11,0.023247458753022813,4,0,2,0.438,0.0981,0.4639,1.0,0.9576526988636364,0.43084789529186507
11,0.025079925358729743,4,1,0,0.4418,0.508,0.0502,1.0,0.966495028409091,0.5765469637784092
11,0.03029727721642972,3,2,8,0.491,0.0377,0.4713,1.025,0.8486083984375,0.3575560413707386
10,0.017445844786136318,4,0,8,0.1032,0.6829,0.21390000000000012,1.0,0.8868847656250001,0.4191512229225852
11,0.032797601694390235,3,1,5,0.1154,0.8488,0.0358,1.0,0.932568359375,0.589193781072443
10,0.03927208450067028,3,1,3,0.9136,0.0614,0.025,1.05,0.6745556640625,0.625029296875
11,0.028973023047963654,2,1,7,0.3876,0.2771,0.3353,2.075,0.78671875,0.5212535511363636
12,0.027578483949549155,4,0,9,0.1959,0.6812,0.1229,1.5,0.8423716227213541,0.4686387164776141
10,0.047110844298840326,3,2,5,0.6694,0.1481,0.1825,1.0,1.0,0.5
11,0.047920359242100856,2,1,6,0.2657,0.1309,0.6034,1.625,0.8788441051136363,0.4527402935606061
12,0.03650136813494349,4,1,6,0.5176,0.0359,0.4465,1.7,0.82940673828125,0.2278401692708333
11,0.023462503899317325,3,1,5,0.9963,0.0021,0.0016,1.0,0.9607022372159092,0.30310286881087656
12,0.04301550444871121,3,0,6,0.1555,0.0068,0.8377,1.0,0.6107584635416666,0.4968497551812067
10,0.01731431588278415,4,1,1,0.5188,0.467,0.0142,1.05,0.7807421875000001,0.5803198242187501
10,0.04177632802374186,3,0,2,0.0855,0.5577,0.3568,1.0,0.7543701171875,0.6265433756510417
10,0.011349474699340634,5,2,5,0.5773,0.0209,0.4018,1.0,0.6080761718750001,0.49930684407552084
11,0.022293614465722776,3,2,1,0.883,0.0889,0.0281,1.325,1.0,0.5431818181818182
11,0.012310790906102934,2,2,1,0.5779,0.1059,0.3162,2.65,1.0,0.5176136363636363
10,0.034738113003915494,1,1,4,0.7346,0.1099,0.1555,6.4,0.7073046875,0.5362064985795454
10,0.019233670972841573,2,1,1,0.4273,0.445,0.12769999999999998,2.925,0.969765625,0.417255859375
12,0.030459707932955618,4,2,9,0.7032,0.199,0.09779999999999987,1.0,0.986492919921875,0.5879680379231772
11,0.04709340020858121,1,0,10,0.6201,0.2987,0.0812,7.55,0.6409090909090909,0.5221590909090909
10,0.011183639569180873,1,0,3,0.2351,0.535,0.22990000000000002,7.825,0.698125,0.47531249999999997
11,0.013552863089683832,4,1,10,0.8822,0.0938,0.024,1.0,0.9855446555397727,0.6327869762073864
11,0.04999663549737189,3,1,9,0.698,0.0268,0.2752,2.475,0.5895174893465908,0.5209546638257575
12,0.022327675853000835,4,1,8,0.0753,0.1116,0.8131,1.0,0.5615620930989584,0.41778282690300517
11,0.04521095535481232,4,2,8,0.5443,0.0446,0.4111,1.0,0.7349564985795454,0.43864080255681814
11,0.02192415623145178,4,1,6,0.2713,0.1462,0.5825,1.975,0.6982555042613636,0.4806755297111742
12,0.024846800409486714,4,1,1,0.6403,0.0758,0.2839,1.0,1.0,0.45486111111111116
11,0.027846134105865623,2,2,0,0.1582,0.3725,0.4693,1.025,0.994247159090909,0.457723721590909
12,0.04498016551044807,2,1,3,0.0618,0.891,0.04719999999999999,2.45,0.99765625,0.4363579644097223
10,0.028618961139605756,2,0,7,0.8607,0.11,0.0293,1.9,0.6984521484375001,0.4834014892578125
11,0.03658011192670596,4,1,3,0.3194,0.6202,0.0604,3.625,0.5761030717329545,0.587366092566288
11,0.04910181491502577,5,1,2,0.7593,0.1321,0.1086,1.0,0.684579190340909,0.2969044078480113
11,0.04070489485360864,3,0,1,0.7523,0.2333,0.0144,1.0,0.6400190873579545,0.4911871522845644
11,0.029573423134335003,2,0,5,0.3732,0.0672,0.5596,1.7,0.9918634588068184,0.4125974343039772
10,0.018251688632057082,4,0,8,0.4241,0.3766,0.1993,1.2,0.916640625,0.4900846510667066
10,0.04648377687951988,5,0,3,0.5471,0.1471,0.3058,1.0,0.9846386718750001,0.50249267578125
11,0.023042079197898288,5,2,0,0.9438,0.0199,0.03630000000000001,1.025,0.999746981534091,0.6772793856534091
11,0.03723085124966314,5,0,7,0.4388,0.5288,0.03240000000000001,1.0,0.2425847833806818,0.4476163285250716
10,0.04991038284070652,2,2,2,0.0239,0.678,0.2981,1.85,0.99521484375,0.6924414062500001
11,0.02581768543921399,1,1,3,0.5595,0.2965,0.144,7.625,0.5345170454545454,0.48123224431818185
11,0.027083890330501716,4,0,2,0.7478,0.1866,0.0656,1.975,0.7531538529829547,0.5248268638100183
12,0.028431674564421174,4,1,0,0.4788,0.1456,0.3756,1.525,0.7389729817708334,0.35280436197916665
11,0.026297482208579658,4,0,1,0.7847,0.045,0.1703,1.05,0.7187433416193182,0.6301880891658058
10,0.029651921384733423,2,1,4,0.1727,0.4921,0.3352,3.875,0.6981640624999998,0.6003982599431819
12,0.0350741380649559,3,1,6,0.3399,0.5599,0.10020000000000011,2.325,0.7051798502604166,0.37806614467075894
11,0.02812239470988713,4,1,0,0.6181,0.3515,0.0304,1.0,0.9892400568181818,0.5109082031249998
11,0.04384223715125162,3,2,6,0.9855,0.0144,0.0001,1.025,0.63505859375,0.412923916903409
11,0.029421749174886463,2,1,2,0.9101,0.0116,0.0783,3.175,0.7282315340909091,0.3365434126420454
11,0.021054547232818063,4,0,9,0.5759,0.3678,0.05630000000000001,1.1,0.3859508167613636,0.46793797516625785
11,0.022929136583428836,5,1,5,0.6874,0.1366,0.176,1.0,1.0,0.5099431818181819
10,0.028238716400913848,2,1,0,0.8922,0.0634,0.04439999999999999,3.5,1.0,0.504375
12,0.02222036995153887,2,2,6,0.3272,0.6006,0.0722,2.975,0.7848856608072916,0.5006944444444443
11,0.0453271916803306,2,1,8,0.4681,0.481,0.0509,3.15,0.4930863813920455,0.5178859958400974
10,0.013444751015886287,5,0,4,0.7586,0.1956,0.0458,1.0,0.7985839843749999,0.5561624959309894
10,0.013369388435449686,4,1,5,0.351,0.4495,0.1995,1.0,0.618037109375,0.40040405273437496
10,0.03750382341798183,4,2,2,0.1571,0.6198,0.2231,1.675,0.6605273437499999,0.45114095052083336
11,0.026566882411298218,2,1,0,0.9866,0.0117,0.0017,3.175,0.839959161931818,0.6542502663352273
11,0.018334474788700372,1,1,7,0.9905,0.0025,0.007,6.8,0.772265625,0.5721257990056818
10,0.03955890176256367,2,0,7,0.2422,0.1421,0.6157,1.6,0.6141894531250001,0.39681591796874993
11,0.035010691741051016,4,1,10,0.3108,0.1251,0.5641,1.0,0.6825395063920455,0.6280706787109376
11,0.01057045076675335,2,1,9,0.5459,0.0305,0.4236,1.025,0.7339177911931818,0.6523869105747768
12,0.03400730982648412,3,2,5,0.012,0.4081,0.5799,1.225,1.0,0.4491666666666667
11,0.015910329281756806,1,1,6,0.051,0.8674,0.0816,5.925,0.8264204545454545,0.6538352272727274
11,0.03319876779774476,3,1,2,0.8093,0.1405,0.0502,2.4,0.8137251420454547,0.5459738991477273
10,0.02766439846390445,4,1,1,0.2945,0.6641,0.0414,1.0,0.982353515625,0.6757955729166667
10,0.02116231626260354,4,2,6,0.8533,0.0103,0.1364000000000001,1.0,0.93373046875,0.5193749999999999
11,0.04574328874163376,1,0,1,0.585,0.0288,0.3862,5.775,0.990909090909091,0.5316558441558443
10,0.028979156586147005,3,1,7,0.4769,0.0166,0.5065,1.0,0.600859375,0.5978434244791666
11,0.015509600009657658,2,2,1,0.4251,0.1852,0.3897,4.9,0.7974076704545455,0.5293756658380682
12,0.033591731607435525,5,2,4,0.8192,0.0157,0.1651,1.0,1.0,0.6645833333333332
10,0.015245705613829007,4,0,5,0.562,0.2264,0.2116,1.0,0.7484130859375,0.5606420507186499
11,0.03311003576489304,4,1,10,0.5539,0.2182,0.2279,1.0,0.9834672407670453,0.5473865855823863
12,0.024176460683106242,4,1,7,0.1085,0.5054,0.3861,1.0,0.6182678222656249,0.4434323265438988
11,0.021607504721376812,3,0,4,0.7832,0.0058,0.211,1.0,0.5572665127840908,0.4772318059747868
11,0.041578140767741634,2,1,7,0.5715,0.1684,0.2601,2.475,0.833203125,0.2810777698863636
11,0.02014151209374285,3,1,6,0.9044,0.0684,0.0272,1.025,1.0,0.5409090909090908
11,0.010474453660083198,3,1,3,0.5927,0.4015,0.0058,1.05,0.859659090909091,0.3593741122159091
11,0.013096124235583565,3,1,6,0.8743,0.1026,0.02310000000000001,1.9,0.9708185369318183,0.5406050248579545
12,0.018254339220267625,1,0,1,0.9493,0.0216,0.0291,8.175,0.5203125,0.5005208333333333
11,0.013504186068417214,4,1,2,0.4553,0.0443,0.5004,1.55,0.6274502840909092,0.34052623401988635
12,0.024416886887556805,4,1,7,0.456,0.0066,0.5374,1.3,0.7292724609375001,0.483416748046875
11,0.03802715368383065,1,2,1,0.0759,0.3991,0.525,5.775,0.8627485795454547,0.46766246448863635
10,0.015021662596775238,4,2,5,0.8386,0.0302,0.1312,1.0,0.7564404296874999,0.5
12,0.0208965656491444,4,1,5,0.0633,0.8433,0.09339999999999998,1.15,1.0,0.8996527777777779
12,0.023502678049315162,4,0,6,0.9584,0.0256,0.016,1.0,0.5101654052734375,0.4244177778940351
10,0.01736733995526643,2,0,7,0.2873,0.2526,0.4601,1.775,0.6203027343749999,0.3635944475446428
12,0.02093605747670329,2,1,5,0.243,0.4051,0.3519,3.025,0.8645263671875,0.6607564290364583
11,0.017069300145772036,1,1,3,0.0007,0.5129,0.4864,6.175,0.8297940340909091,0.4923828125
11,0.03677382055714801,3,1,4,0.4276,0.2449,0.3275,2.95,0.6766157670454546,0.38727509469696975
11,0.015189667247912798,2,1,2,0.6255,0.0438,0.3307000000000001,6.85,1.0,0.4965909090909091
12,0.03132132231465785,3,1,9,0.0307,0.6575,0.3118,1.925,0.9266316731770834,0.5774669364646631
12,0.033914834747692406,3,1,4,0.6465,0.1898,0.1637,1.25,0.715625,0.4848807594992898
12,0.020398709381733576,4,0,7,0.2721,0.5158,0.2121,1.0,0.6149088541666667,0.5673613555957345
11,0.03372444048556289,3,2,1,0.0839,0.4867,0.4294,1.0,0.9404119318181821,0.3750872987689394
11,0.038069387374607556,5,1,1,0.9413,0.004,0.0547,1.0,0.4798828125,0.2526719130478896
11,0.036371536915995865,1,1,9,0.8108,0.1716,0.017600000000000112,8.8,0.9335227272727273,0.39914772727272724
12,0.010185480480348338,4,1,2,0.8906,0.0063,0.10310000000000001,1.0,0.8244099934895835,0.5756825764973958
12,0.022386282632245035,4,1,6,0.2263,0.288,0.48569999999999997,1.0,0.98857421875,0.6095174153645833
10,0.014374915373773112,1,1,5,0.8943,0.1016,0.0041,6.4,0.7075,0.47562499999999996
10,0.04115113671983332,3,0,3,0.9841,0.0084,0.007500000000000011,1.375,0.5134960937499999,0.6449748883928571
11,0.03222797534229268,1,1,9,0.6524,0.0509,0.2967,7.85,0.9335227272727273,0.534375
11,0.017873938331531333,2,1,9,0.7463,0.0726,0.1811,2.725,0.980877130681818,0.5394153941761364
11,0.029573161324875412,2,1,9,0.8988,0.0846,0.01659999999999999,5.7,0.8947443181818183,0.6927556818181818
11,0.04073200374967013,2,1,8,0.7786,0.1427,0.0787,1.025,1.0,0.5363636363636364
11,0.03845022455841921,3,1,0,0.8556,0.1413,0.0031,1.5,1.0,0.6752272727272727
10,0.03201796793216248,3,1,7,0.0503,0.9231,0.026599999999999988,1.05,0.9986132812499999,0.517
10,0.03233840675088802,5,1,2,0.2137,0.692,0.0943,1.0,0.8889941406249999,0.6867024739583332
10,0.010926515784926013,3,2,2,0.2642,0.1605,0.5753,2.025,0.682939453125,0.7145483398437499
11,0.019411651746230267,3,1,7,0.6444,0.0617,0.2939,1.0,0.6571044921875,0.5829578746448864
11,0.016975723175269613,2,0,5,0.1144,0.4588,0.4268,1.325,0.5035777698863636,0.5469933712121212
12,0.036011447073782475,4,0,6,0.6138,0.1615,0.2247,1.05,0.7888041178385417,0.5872268495105563
11,0.03486119515049989,4,1,7,0.6989,0.0755,0.2256,1.0,0.9968838778409091,0.5524458451704544
11,0.04322892053022986,2,0,1,0.0076,0.59,0.4024,2.6,0.9448575106534092,0.4727949662642045
12,0.018738448016547643,3,0,4,0.7077,0.2338,0.0585,1.025,0.9693155924479168,0.46213200887044276
11,0.034455035933500994,4,1,4,0.1577,0.2514,0.5909,1.0,0.6953125,0.5752784312855114
12,0.022830010419511035,2,1,0,0.7708,0.1173,0.11190000000000001,2.25,0.931011962890625,0.6347371419270832
11,0.04211746126532742,1,0,8,0.7493,0.1812,0.0695,8.025,0.7340909090909091,0.5917207792207791
11,0.035796018791219825,4,2,4,0.457,0.1837,0.3593,1.0,0.9889204545454546,0.6352379261363637
11,0.03888058929299901,5,0,8,0.9579,0.0038,0.0383,1.025,0.483935546875,0.5223908765388258
11,0.013939253847267779,3,2,6,0.2145,0.0452,0.7403,4.6,0.8407315340909092,0.3822620738636363
11,0.021389486974923735,1,0,4,0.2717,0.6757,0.0526,4.875,0.638778409090909,0.4768584280303029
11,0.030848138963518644,4,2,7,0.6417,0.3354,0.02290000000000001,1.0,0.7496715198863637,0.37056241122159095
10,0.038630445143453714,5,1,5,0.8423,0.0783,0.0794,1.0,0.6268994140624999,0.44869384765625
10,0.022469596747508022,2,2,3,0.8663,0.0166,0.1171000000000001,2.75,0.7762109374999999,0.2316731770833334
10,0.04166379389796374,3,0,3,0.1639,0.502,0.3341,1.1,0.60615234375,0.647161865234375
10,0.015577148496912161,4,1,9,0.1259,0.09,0.7841,1.0,1.0,0.5979166666666667
11,0.03644205439107611,4,0,3,0.4209,0.5379,0.041199999999999876,1.0,0.9410400390625,0.4571527813007304
10,0.030257699989686637,2,1,3,0.2989,0.3169,0.3842,2.6,0.7908203125000002,0.49683593750000005
11,0.02544791045807377,4,1,5,0.8874,0.1038,0.0088,1.0,0.5318026455965909,0.6161028775301846
12,0.020802613123191496,4,1,4,0.1206,0.6757,0.2037,1.0,0.694122314453125,0.4715818277994792
12,0.010125156022372527,2,0,7,0.552,0.1473,0.3007,5.025,0.9059244791666664,0.5179503038194444
12,0.02550392625713533,4,1,4,0.727,0.1907,0.0823,1.95,0.7617818196614582,0.6202812739780972
11,0.0330078077897863,1,1,9,0.0623,0.3092,0.6285,8.325,0.673153409090909,0.4806209415584416
11,0.028182551660938637,4,2,4,0.7629,0.1819,0.0552,1.0,0.8429620916193181,0.6081150401722301
11,0.04348254907846958,3,2,2,0.5937,0.3856,0.0207,1.0,0.6842329545454546,0.4830610795454545
11,0.024256639744593578,4,1,8,0.7466,0.2106,0.0428,1.0,0.8972545276988637,0.4988847212357955
11,0.04694336005665169,2,2,1,0.2118,0.5434,0.2448,4.75,0.8227272727272726,0.51875
12,0.01986768856122706,3,1,6,0.423,0.2144,0.3626,1.025,0.8263916015625,0.7900309244791666
11,0.026749801471962098,2,0,9,0.5546,0.1128,0.3326,2.025,0.6396484375,0.5547718394886363
12,0.019434247584250885,2,1,2,0.776,0.0676,0.1564,2.5,0.8370463053385417,0.29631635877821183
12,0.02409008276081648,2,1,4,0.3092,0.2601,0.4307,1.9,0.6793243408203126,0.4949082985902445
12,0.04798788497689954,3,0,3,0.4615,0.2799,0.2586,1.525,0.44932047526041663,0.5236071268717449
10,0.014727908460132664,5,0,5,0.8931,0.0542,0.05269999999999999,1.0,0.8872656250000001,0.46733190917968753
11,0.01776284200211961,5,0,3,0.7129,0.2162,0.0709,1.0,0.4329256924715909,0.5440514858085214
10,0.03704005254649941,2,0,4,0.4113,0.447,0.1417,2.05,1.0,0.5954166666666667
11,0.046973412545820735,4,2,3,0.6542,0.1258,0.22,1.725,0.7365611683238635,0.6676402698863637
12,0.026332061191468303,2,0,3,0.5026,0.3409,0.1565,2.3,0.9151997884114584,0.6525109863281249
11,0.011032715798601019,2,1,6,0.6856,0.2519,0.0625,3.025,0.7033025568181818,0.5135387073863636
11,0.011591268321183125,1,1,7,0.4403,0.5353,0.0244,5.75,0.7372159090909092,0.469637784090909
12,0.02662075998294816,2,2,3,0.0242,0.9468,0.029,3.275,1.0,0.5822916666666668
12,0.018023170641943198,4,2,4,0.4765,0.046,0.4775,1.0,0.6904642740885415,0.4144157409667969
11,0.012767506879616605,4,1,9,0.289,0.4353,0.2757,1.0,0.9362238103693183,0.5394797585227273
10,0.04936974936888912,3,2,7,0.9242,0.0093,0.0665,1.3,0.7648193359375,0.6202563476562502
10,0.019753194583658047,2,0,2,0.1605,0.6809,0.1586000000000001,2.025,0.875205078125,0.54352783203125
11,0.02471559293464437,2,0,2,0.5553,0.3832,0.0615,2.15,0.9882546164772726,0.4662415343445618
11,0.01619099129732901,2,0,7,0.991,0.0049,0.0041,1.05,0.6229514382102272,0.5110806551846592
12,0.04970742163833405,2,1,4,0.8868,0.0147,0.0985,1.65,0.8365478515625,0.5806414504278272
11,0.04833405720971264,4,1,6,0.2154,0.5883,0.1962999999999999,1.25,0.7337446732954546,0.5445454545454546
10,0.042672616984702705,3,0,2,0.0391,0.8118,0.14909999999999998,1.2,0.6231445312500001,0.498814697265625
12,0.01991177745067953,2,0,6,0.6618,0.1423,0.1959,1.85,0.917877197265625,0.3786326090494791
11,0.03493812156154763,1,0,3,0.6888,0.1583,0.1529,7.075,0.5681818181818181,0.5
11,0.04988150534869743,3,1,6,0.0017,0.2986,0.6997,1.1,0.8634965376420454,0.4676369406960227
12,0.03087415741020516,1,0,9,0.182,0.8124,0.0056,7.125,0.8295247395833334,0.4989603678385417
11,0.0436236133006351,3,1,1,0.9202,0.0425,0.0373,1.975,1.0,0.37681818181818183
10,0.04913767612993311,1,2,6,0.044,0.4777,0.4783,3.525,0.791875,0.6249218749999998
11,0.04670659769941609,5,0,4,0.1737,0.7068,0.1195,1.0,0.4282914595170455,0.49813200162672383
10,0.0281633783056129,2,0,5,0.9368,0.002,0.0612,4.45,0.805,0.4163541666666667
11,0.02029800167752554,1,1,8,0.6391,0.2133,0.1476,7.425,0.6417613636363637,0.5116883116883116
12,0.027604551462961,4,1,5,0.0236,0.1119,0.8645,1.025,0.688409423828125,0.5415029652913412
11,0.022343694627589176,2,2,5,0.0804,0.4584,0.4612,1.425,0.7968017578125,0.6298872514204545
12,0.011383255423187487,2,0,6,0.095,0.2543,0.6507,1.625,0.74705810546875,0.48550627908588934
10,0.023881883452231946,5,1,4,0.071,0.9261,0.0029,1.0,1.0,0.693
12,0.026367752469127897,3,1,2,0.2534,0.2048,0.5417999999999998,1.025,0.8386098225911457,0.6349019368489582
10,0.015115268491705632,2,2,8,0.9144,0.0294,0.0562,3.65,0.57703125,0.5224375
12,0.02165084364610769,1,0,6,0.3367,0.2995,0.3638,6.4,0.8255330403645832,0.4656826866997612
10,0.016813714058617757,4,1,2,0.4054,0.2724,0.3222,1.925,0.7679492187500001,0.3880859375
11,0.02342582812460794,4,0,8,0.488,0.3721,0.13990000000000002,1.0,0.8583118785511363,0.48549528936380854
11,0.029749974217586996,1,1,1,0.1448,0.8147,0.0405,5.9,0.8160422585227272,0.36873224431818175
11,0.011087103405028649,1,0,2,0.1586,0.1545,0.6869,3.15,0.823526278409091,0.4014204545454545
10,0.03719452032189795,5,1,6,0.1476,0.3016,0.5508,1.0,0.652001953125,0.594514237837358
11,0.046423383232140625,4,1,5,0.04,0.767,0.193,1.0,1.0,0.6562500000000001
10,0.01770329285448289,2,1,4,0.3084,0.2705,0.4211,4.8,0.8099999999999999,0.1660714285714286
11,0.018112180635551412,2,0,6,0.4072,0.401,0.1918,4.925,1.0,0.5440909090909091
11,0.036590901480015564,5,0,7,0.0698,0.3621,0.5681,1.0,0.5456764914772728,0.47416834711512446
11,0.04239149514128141,3,1,0,0.5034,0.2332,0.2634,1.0,0.8542613636363636,0.40461647727272726
10,0.04772943765819437,2,1,4,0.3471,0.4584,0.1945,2.825,0.6901708984375,0.55375
12,0.017777309395296814,4,0,8,0.9524,0.0417,0.0059,1.0,0.5507985432942708,0.674350060356988
11,0.04200592086219068,2,1,8,0.3777,0.4391,0.1832,1.9,0.6338112571022728,0.40896107066761367
11,0.04038067143489101,4,0,7,0.4778,0.1165,0.4057,1.425,0.827017489346591,0.6342625473484848
11,0.04712427788449712,3,0,7,0.0601,0.7269,0.213,1.025,0.7696133700284091,0.5965929700182631
10,0.01624650995827654,2,0,9,0.5532,0.0979,0.3489,2.5,0.65798828125,0.5667152506510418
11,0.04717691652485487,5,1,1,0.7524,0.1351,0.1125,1.0,0.9539861505681818,0.7122647372159092
10,0.044686517839452766,3,2,4,0.5465,0.065,0.3885,1.1,0.76076171875,0.29589477539062503
12,0.04457804815428165,2,1,1,0.4037,0.5576,0.0387,2.6,0.9931905110677082,0.5798843383789063
11,0.011842822674102207,4,2,1,0.365,0.5783,0.0567,1.0,0.9788796164772726,0.275497159090909
12,0.039392770115371574,4,0,2,0.4637,0.0175,0.5188,1.0,0.5107940673828125,0.6076063317271055
11,0.03681550635951849,2,1,5,0.1208,0.1619,0.7173,1.975,0.9797052556818183,0.49070164535984856
10,0.025453645207996083,5,2,1,0.9652,0.0147,0.0201,1.0,0.8015869140625,0.41326904296875
11,0.019818170832618595,4,1,5,0.926,0.036,0.038,1.025,0.7540505149147728,0.45623382964691556
12,0.020024125445066102,3,1,7,0.6334,0.2218,0.1448,1.95,0.6653299967447918,0.19294789632161455
11,0.022143468919678264,2,1,5,0.723,0.2741,0.0029,2.625,0.9612215909090909,0.45078125
11,0.04704607843032335,1,0,9,0.8078,0.1003,0.0919000000000001,3.225,0.7638849431818185,0.4179760271392906
10,0.019721769791733207,5,1,3,0.266,0.3311,0.4029,1.0,0.9916015625,0.4011881510416666
12,0.027755590311082434,3,1,9,0.4001,0.172,0.4279,2.025,0.9507853190104166,0.49794514973958337
10,0.04359923463208416,3,1,6,0.7269,0.103,0.1701,1.0,0.9247802734375,0.5013806152343749
11,0.03864243693008826,5,1,4,0.042,0.6406,0.3174,1.0,0.7959849964488638,0.48867853338068185
11,0.018988188722772095,2,0,5,0.366,0.5392,0.0948,4.975,0.7109508167613636,0.539606267755682
12,0.04780358223151329,1,1,1,0.5482,0.0856,0.3662,5.525,0.83194580078125,0.6413045247395834
11,0.04600979218864616,1,2,4,0.273,0.1751,0.5519,7.7,1.0,0.5585227272727272
10,0.015943369932536842,5,1,4,0.2348,0.6613,0.1039,1.0,0.8929785156250001,0.44228219168526783
12,0.04764966371248007,3,0,3,0.5893,0.2875,0.1232,1.65,0.5442840576171875,0.6037077549525669
10,0.01592232677860147,5,1,1,0.646,0.0946,0.2594,1.0,0.4363134765625,0.27638875325520834
12,0.04152332066976656,1,1,6,0.4986,0.1404,0.361,7.225,0.7254231770833333,0.6625000000000001
10,0.04928265516740172,3,1,1,0.9745,0.0148,0.0107,1.2,0.7872314453125,0.5756708984375
12,0.017673175315775374,1,1,1,0.6438,0.2197,0.1365,7.65,0.7516194661458334,0.5569010416666668
10,0.021872163948524974,2,1,5,0.9658,0.0144,0.0198,1.05,0.7313037109375001,0.443955078125
11,0.04282693240122705,3,1,2,0.4515,0.4524,0.0961,1.45,0.837442294034091,0.4518754438920454
12,0.026877681475780638,4,2,8,0.3337,0.6165,0.04979999999999999,1.0,0.9379119873046875,0.7375912984212241
10,0.030237723931103445,4,2,3,0.8568,0.007,0.1362,1.025,1.0,0.5755
12,0.036670790185523335,2,1,4,0.9476,0.0481,0.0043,1.4,0.9828206380208334,0.4181034633091518
11,0.024597853541818628,1,0,4,0.9236,0.0477,0.02870000000000011,6.0,0.803409090909091,0.5251988636363636
12,0.019886915209480136,4,2,3,0.5992,0.2715,0.1293,1.0,0.9913146972656248,0.7412119547526042
10,0.04186133542495505,2,1,4,0.4321,0.4058,0.1621,1.025,0.6955029296874999,0.4785760498046875
11,0.01699867749681672,4,1,3,0.1181,0.5068,0.3751,1.0,0.992325106534091,0.5291015625
11,0.02986193815809373,5,1,3,0.2551,0.5669,0.178,1.0,0.6812899502840908,0.5872247869318181
11,0.04386796296253039,3,0,4,0.0942,0.7767,0.1291,2.5,0.6828480113636364,0.5347104555600648
10,0.025602213593983743,3,1,3,0.7661,0.0034,0.23049999999999998,1.0,1.0,0.4991666666666667
12,0.032179982172326226,3,1,10,0.0206,0.3771,0.6023,1.05,0.9995524088541667,0.41246541341145837
11,0.034105515270285,3,1,8,0.0694,0.1255,0.8051,1.7,0.657577237215909,0.48698190736376556
10,0.017325943047402335,4,2,8,0.449,0.4032,0.14780000000000001,1.0,0.8562255859375,0.45198730468749987
11,0.016226844354186056,1,2,7,0.0164,0.2617,0.7219,8.55,0.49801136363636356,0.5218749999999999
11,0.021508678209941658,1,2,2,0.4007,0.0735,0.5258,8.175,0.8227272727272726,0.43465909090909094
11,0.019858364678574766,4,0,1,0.291,0.4382,0.2708,1.0,0.6377441406250001,0.4885977144961521
10,0.01595645493862581,4,2,8,0.8613,0.1258,0.0129,1.05,0.771123046875,0.4315495605468751
10,0.03923162671968896,2,2,10,0.0943,0.0446,0.8611,1.9,0.7661523437499997,0.45512109375
11,0.013002100465577142,4,1,8,0.2188,0.1871,0.5941,1.0,0.968252840909091,0.45528157552083337
11,0.025869885766042745,4,1,6,0.1135,0.3696,0.5169,1.025,1.0,0.5436363636363637
10,0.013183283744188281,2,1,3,0.8105,0.0579,0.1316,1.475,0.8583203125000001,0.57201171875
12,0.03430141361275509,2,0,1,0.4465,0.0062,0.5473,2.75,0.7400878906249998,0.5874131944444445
12,0.011052730073489654,3,1,2,0.7357,0.1484,0.1159,1.0,0.8885396321614584,0.41770282167376893
11,0.03606441899969577,3,1,8,0.1807,0.7011,0.11820000000000011,1.15,1.0,0.4545454545454545
11,0.04536343434402862,1,2,9,0.9903,0.0069,0.0028,8.625,0.7284534801136364,0.49772727272727274
11,0.04112186480368441,2,1,7,0.8635,0.0649,0.0716,1.875,0.8428089488636363,0.5887987012987013
11,0.01738009529607796,2,2,7,0.3561,0.0225,0.6213999999999998,6.925,0.6675071022727272,0.4825943587662338
10,0.02056558489852111,1,1,10,0.709,0.2902,0.0008,6.675,0.9025000000000001,0.5024999999999998
11,0.04308877958940253,1,0,7,0.1482,0.4736,0.3782,3.475,0.5528409090909092,0.5906427556818181
11,0.02318904362296184,5,0,1,0.2174,0.1658,0.6168,1.0,0.708709161931818,0.5609573641690341
11,0.025157687649868997,3,2,8,0.067,0.9171,0.0159,1.0,0.99462890625,0.45650967684659083
11,0.013472976202213004,4,0,5,0.5743,0.3571,0.0686,1.025,0.6954412286931818,0.34884567129877786
10,0.010864446786855787,2,1,1,0.827,0.0765,0.0965,4.375,1.0,0.37
11,0.03572373294799343,1,0,4,0.6793,0.1819,0.1388,7.25,0.8009765625,0.446182528409091
11,0.0388398633744011,5,1,8,0.5323,0.223,0.2447,1.0,0.8753795276988636,0.44974610655457814
11,0.02323384796869948,2,0,6,0.2743,0.5329,0.1928,7.375,0.5525568181818181,0.586931818181818
12,0.04127429573081037,1,0,6,0.7962,0.0125,0.1913,6.925,0.7906249999999999,0.6020833333333334
10,0.0462993655452434,4,2,5,0.6222,0.2716,0.10620000000000002,1.0,1.0,0.4389999999999999
12,0.02809100495946646,4,1,1,0.1309,0.0486,0.8205,1.025,0.988177490234375,0.5571592542860244
12,0.04228582166373088,4,1,3,0.6052,0.0392,0.3556,1.025,0.9212483723958332,0.5047200520833334
11,0.04949768115497276,3,1,4,0.3149,0.3621,0.323,1.625,1.0,0.7204545454545455
12,0.01024967298328519,4,0,5,0.6848,0.2875,0.0277000000000001,1.0,0.7806945800781252,0.5298473576136997
12,0.030564531354926802,3,1,2,0.9484,0.0185,0.0331,1.175,0.6942779541015625,0.6293211619059245
11,0.027034826332010563,1,2,3,0.1548,0.3319,0.5133,8.55,0.7295454545454546,0.4467329545454545
11,0.01948908204325996,3,2,5,0.5353,0.0611,0.4036,1.975,0.8317294034090909,0.4914843749999999
10,0.011097449758060223,3,1,5,0.0644,0.6027,0.3329,1.0,0.9942675781249999,0.595712890625
10,0.021834207003070528,2,0,1,0.4385,0.1741,0.3874,5.225,0.56134765625,0.5448268229166666
10,0.044744507097232315,5,1,8,0.7383,0.0399,0.2218,1.0,0.693408203125,0.492882080078125
10,0.03193338264346525,3,0,9,0.4947,0.0046,0.5007,1.025,0.9893359374999999,0.5682678222656249
11,0.01823648722684944,4,0,10,0.8901,0.07,0.0399,1.05,0.659683504971591,0.4967443292791193
11,0.04491645155561223,2,1,2,0.682,0.0283,0.2897,4.55,0.6684126420454546,0.42544185754024627
10,0.02173601640802053,5,1,2,0.2948,0.6547,0.0505,1.0,0.69958984375,0.5500830078125001
11,0.04903653146385987,3,1,3,0.7454,0.1813,0.0733,2.425,0.812344637784091,0.41103261972402594
12,0.013959205077156967,4,0,2,0.6325,0.0862,0.2813000000000002,1.0,0.6312662760416666,0.43950330946180555
10,0.03138432064032274,3,1,3,0.4548,0.3687,0.1765,1.0,0.6898339843750001,0.5847298177083333
11,0.010257300040382647,5,1,7,0.089,0.2676,0.6434,1.0,0.9170476740056817,0.561823896928267
11,0.019016733187128196,5,0,2,0.9164,0.0069,0.07669999999999999,1.0,0.534381658380682,0.4358634813423512
11,0.049070127523371254,2,1,9,0.9189,0.07,0.011099999999999778,1.875,0.6961780894886364,0.5313600852272727
11,0.04336733671115685,4,1,4,0.3132,0.3961,0.2907,1.1,0.8424382990056817,0.4776161887428977
10,0.016755936035312807,3,0,10,0.8832,0.0891,0.02770000000000011,1.0,0.56125,0.5512848455255683
11,0.02750823889529886,2,1,3,0.0094,0.1042,0.8864,2.4,1.0,0.4795454545454545
10,0.03333447841807767,1,2,6,0.9639,0.0317,0.004400000000000111,7.25,0.7025,0.4646875
11,0.012473794089634591,2,2,8,0.6802,0.062,0.2578,3.975,1.0,0.5854978354978354
12,0.0248264642628142,3,2,8,0.9007,0.0975,0.0018,1.025,0.793780517578125,0.7712036132812501
11,0.01452451728326292,2,1,5,0.622,0.0428,0.3352,1.7,0.7273393110795454,0.6624378551136363
12,0.015625828874141434,3,2,2,0.4673,0.1976,0.3351,1.425,0.6964965820312499,0.5496548122829863
12,0.01369190722543719,3,1,8,0.6123,0.3405,0.0472,1.925,1.0,0.58125
12,0.017892030814871007,3,1,6,0.2002,0.266,0.5338,1.0,0.7316131591796875,0.45096834220138254
11,0.04926276100082398,3,0,5,0.3908,0.3447,0.2645,1.775,0.9065163352272727,0.5094016335227274
12,0.04612617759843141,4,1,6,0.8487,0.0883,0.063,1.075,0.997540283203125,0.3397023518880208
11,0.01874781235674726,5,1,4,0.657,0.0142,0.32880000000000004,1.1,0.7734752308238636,0.5398358305623707
12,0.02020788576685147,5,0,5,0.0479,0.1134,0.8387,1.0,0.3097798665364583,0.4363788242245195
10,0.01401667100135143,1,1,7,0.7826,0.03,0.1874,5.9,0.7455859375,0.51181884765625
11,0.04074450354684025,4,2,7,0.151,0.5641,0.2849,1.0,0.9632745916193184,0.6218206232244319
10,0.023206282299980945,2,1,7,0.3275,0.4793,0.1932,6.375,0.634375,0.5268749999999999
11,0.031562341487787256,4,2,0,0.8579,0.129,0.0131,1.0,0.803857421875,0.539776056463068
10,0.02591281808640853,3,1,7,0.6775,0.1159,0.2066,1.0,0.998095703125,0.6000952148437501
10,0.03012970675231661,2,1,8,0.928,0.0072,0.06480000000000001,3.175,0.772705078125,0.8043508300781251
11,0.010075385697315071,1,1,0,0.1188,0.0771,0.8041,9.7,0.9954545454545455,0.47852272727272727
11,0.029003803406504387,3,0,3,0.5378,0.264,0.1982,1.975,0.9702237215909092,0.5467849876053
10,0.03635898681376089,1,0,5,0.9062,0.0119,0.0819,6.8,0.7075,0.499375
11,0.018932999849969337,1,2,3,0.4695,0.0843,0.4462,4.625,0.7340909090909091,0.4889204545454546
10,0.04203197304074664,3,2,6,0.962,0.008,0.03000000000000001,1.775,0.726923828125,0.47063232421874995
10,0.045407199737620474,3,1,4,0.0979,0.6067,0.2954,1.075,1.0,0.4
11,0.044459263672427196,4,0,1,0.2909,0.2293,0.4798,1.0,0.726358309659091,0.43820420302353896
11,0.039900259138328044,4,1,1,0.7448,0.1382,0.11699999999999999,1.0,0.5999245383522727,0.5324473987926137
12,0.02239973140881884,3,0,8,0.5209,0.0893,0.3898,1.575,0.5984558105468749,0.5777449289957683
12,0.045076788247860454,5,0,4,0.3098,0.1236,0.5666,1.0,0.4577809651692709,0.40661025436971876
11,0.026858267327047686,3,2,2,0.2407,0.6435,0.1158,5.0,0.9806107954545453,0.5345259232954546
12,0.026582118329826952,4,2,7,0.6818,0.2904,0.0278,1.0,0.739825439453125,0.5915312449137371
12,0.02829082222694889,5,0,2,0.5492,0.0024,0.4484,1.0,0.8381001790364584,0.5043569424451686
11,0.015009820991746636,3,0,5,0.2312,0.1664,0.6024,2.55,0.6296630859374999,0.46659792681277057
11,0.04235920198273724,3,0,9,0.8138,0.0686,0.11759999999999998,1.675,0.9903053977272727,0.370020799512987
12,0.04703415323970065,1,1,5,0.3341,0.0024,0.6635,6.2,0.7338541666666666,0.5125868055555557
10,0.04451048527833246,1,1,9,0.5507,0.2153,0.234,5.65,0.58791015625,0.4112499999999999
11,0.04664071362714852,2,1,4,0.6549,0.3245,0.02060000000000001,1.95,0.5734818892045455,0.47230335582386357
11,0.027095470259612085,4,2,10,0.7468,0.0755,0.1777,1.0,0.7335427024147727,0.6101215709339489
11,0.03669021518318429,5,1,9,0.0176,0.0185,0.9639,1.0,1.0,0.6712121212121211
11,0.037335779979102174,2,0,7,0.0861,0.4081,0.5058,2.775,0.6355291193181818,0.5480587121212122
12,0.035936931990422895,2,1,10,0.1527,0.7714,0.0759000000000001,3.775,0.8332560221354168,0.5396504720052083
12,0.03172779125622086,3,0,7,0.7651,0.1708,0.06409999999999999,1.05,0.8406341552734375,0.5775932965959822
11,0.026676994463485565,3,1,4,0.2973,0.679,0.023700000000000013,1.025,0.8531960227272727,0.3779618696732955
11,0.04503581712786363,4,1,5,0.3128,0.6288,0.0584,1.0,1.0,0.5454545454545454
11,0.024382410305345284,5,1,8,0.1071,0.8248,0.06810000000000001,1.0,0.8445401278409091,0.6262517755681817
12,0.046710828700389076,4,1,10,0.7548,0.0848,0.1604,1.325,0.5805389404296875,0.4783164978027344
11,0.011894497616983742,4,0,10,0.848,0.0111,0.1409,1.0,0.913873845880682,0.5197225343238082
11,0.03212979924431681,3,0,4,0.3622,0.4535,0.1843,1.825,0.9460804332386363,0.5625453692259446
11,0.019989301146145617,4,0,7,0.6912,0.1698,0.139,1.0,0.8945578835227274,0.4843222323330966
11,0.02373085973351454,3,1,3,0.8063,0.1672,0.0265,1.0,0.855548650568182,0.6217472225040584
11,0.03492574086898064,3,1,0,0.3941,0.1785,0.4274,1.2,1.0,0.6295454545454545
11,0.026995036529602855,2,2,10,0.5006,0.4127,0.0867,1.075,1.0,0.36136363636363644
12,0.020090843693753205,4,1,4,0.1782,0.0556,0.7662,1.0,0.6290557861328125,0.6640328040489782
11,0.01980962363979322,3,1,8,0.814,0.1521,0.033899999999999986,1.0,0.6391157670454545,0.44396029385653407
11,0.036654976105312896,1,0,8,0.2458,0.3229,0.4313,1.175,0.6430308948863637,0.5959727040537588
11,0.03177256196030487,5,1,8,0.3689,0.1486,0.4825,1.0,0.6737593217329545,0.3114689990727588
11,0.047763204451603564,4,2,3,0.3036,0.3198,0.3766,1.35,0.7657936789772728,0.5051291725852273
11,0.03968413260324779,4,1,6,0.5419,0.02,0.4381,1.0,0.8123401988636367,0.5045146595348011
12,0.02997730510989701,1,2,4,0.0219,0.8691,0.109,8.15,0.7986979166666669,0.53046875
11,0.030267040809506214,5,0,7,0.7073,0.2864,0.0063,1.0,0.6318803267045454,0.5587661985367063
10,0.010352277646442982,2,0,3,0.896,0.031,0.073,1.975,0.79890625,0.6215748355263158
11,0.03550678220383801,5,1,9,0.0692,0.7259,0.2049,1.0,0.725894442471591,0.5992181951349433
10,0.02330249355128943,4,2,8,0.066,0.8215,0.11249999999999999,1.025,0.9893359374999999,0.50169921875
10,0.01673399010632275,3,1,4,0.8779,0.0011,0.121,1.4,0.7164501953125,0.515615234375
10,0.0348856021078529,3,1,7,0.5211,0.1483,0.3306,1.25,0.6789355468750001,0.37726806640625
11,0.026172888717049106,2,2,6,0.9945,0.0028,0.0027,3.775,0.7687144886363637,0.37681107954545456
11,0.02602310560144242,4,2,1,0.3042,0.5011,0.1947,1.0,0.9541770241477272,0.4604597611860795
10,0.02912982969994432,3,0,10,0.6087,0.303,0.0883,1.85,0.6440673828124999,0.36369299316406256
11,0.021573585677428106,1,1,7,0.2041,0.0113,0.7846,7.95,0.7272727272727273,0.5099431818181819
10,0.021193883749556428,2,2,5,0.0232,0.0886,0.8882,1.975,0.9990625,0.6918145751953124
10,0.048052193160191735,4,2,4,0.8256,0.0764,0.09799999999999999,1.575,0.917734375,0.5018749999999998
12,0.043069827512167334,4,0,7,0.6356,0.0712,0.2931999999999999,1.075,0.6683817545572918,0.41296844482421874
12,0.012449694089957206,5,1,5,0.7116,0.0913,0.1971,1.0,0.7641764322916667,0.5384148915608724
11,0.04337651331924264,4,1,4,0.7083,0.1053,0.1864,1.0,0.9839865944602273,0.45846280184659094
12,0.021475916654135837,2,1,10,0.0016,0.9671,0.0313,1.175,0.8428141276041666,0.5003499348958333
11,0.04377291616382114,4,0,3,0.967,0.003,0.03,1.0,0.5427157315340908,0.573416890726461
10,0.04737688401932574,3,1,7,0.7453,0.188,0.06670000000000001,1.0,0.998095703125,0.5974047851562501
11,0.01667014587275173,5,2,9,0.7922,0.0961,0.1117,1.0,0.8064408735795453,0.6945809659090909
11,0.01094932736931052,1,1,1,0.6621,0.1678,0.1701,5.85,1.0,0.5454545454545455
12,0.026419471069011866,3,0,3,0.1993,0.3295,0.4712,1.0,0.9811442057291666,0.6067734781901041
10,0.028958295087918758,3,1,5,0.3436,0.3304,0.326,1.0,1.0,0.6900000000000001
10,0.04046671649397438,3,1,8,0.5409,0.0404,0.4187,1.025,0.6932177734375,0.5563372802734374
10,0.02992886645592714,3,0,6,0.3614,0.0189,0.6197,1.775,0.7840527343749999,0.44917968750000004
12,0.022895472032903905,4,1,7,0.5023,0.4976,0.0001,1.0,0.757549031575521,0.5018486870659722
11,0.04294461526785136,5,2,6,0.922,0.0043,0.0737,1.0,0.7980579723011363,0.36363636363636365
10,0.01584594816196915,3,0,3,0.2106,0.3773,0.4121,1.0,0.8351513671875,0.5856286621093749
12,0.023593863310420852,3,1,10,0.2881,0.3448,0.3671,1.025,0.7615488688151041,0.6173388163248699
12,0.04326963357971825,5,1,8,0.7589,0.1185,0.1226,1.0,0.9590352376302083,0.5010250091552735
11,0.04984768978022378,2,0,7,0.9997,0.0001,0.000200000000000011,2.375,0.5678178267045454,0.5538250177556818
10,0.028591987259496125,5,2,4,0.1355,0.3318,0.5327,1.0,0.7361669921875,0.41950732421875003
12,0.041761574859112645,1,1,7,0.2091,0.2604,0.5305,4.925,1.0,0.74
11,0.04745945121759653,5,1,4,0.4533,0.0394,0.5073,1.0,0.6879549893465908,0.5638050426136363
11,0.03460823120853339,5,0,0,0.2403,0.6481,0.1116,1.0,0.4573153409090908,0.39645527328443375
10,0.039591208156225216,4,2,3,0.2112,0.0059,0.7829,1.75,0.76732421875,0.260458984375
10,0.044155814421058946,3,1,1,0.749,0.1078,0.1432,1.475,0.8964062500000001,0.592455078125
10,0.04593157020170703,3,2,10,0.1101,0.3112,0.5787,1.225,0.736826171875,0.71873291015625
12,0.023509882455769945,4,1,1,0.6412,0.0038,0.355,1.0,0.9298787434895834,0.5291934058779761
10,0.018311586219770297,1,1,5,0.113,0.3742,0.5128,6.975,0.5125,0.5237499999999999
12,0.013748117383370359,2,1,4,0.2745,0.0826,0.6429,3.075,0.5703155517578125,0.4106626383463542
10,0.04080811424861571,4,2,7,0.0626,0.0944,0.843,1.0,0.91392578125,0.491787109375
11,0.04017703921772839,2,0,6,0.5667,0.0613,0.372,4.425,0.7737326882102273,0.4870780251242898
10,0.015299266676051533,4,0,5,0.5995,0.2527,0.1478,1.025,0.4417724609375,0.5988400413876488
12,0.03285390980091877,3,2,7,0.1304,0.2179,0.6517,2.575,0.71387939453125,0.3998453776041667
11,0.045461040520213866,2,1,4,0.0424,0.927,0.03059999999999999,1.825,0.8832208806818181,0.46272860440340907
11,0.028880655651152706,3,1,9,0.7683,0.1964,0.0353,1.05,0.7833562677556818,0.5288407759232954
10,0.02458135712445899,4,0,8,0.9161,0.0718,0.0121,1.0,0.6352392578125,0.5604543050130208
11,0.027196158173146405,4,1,8,0.7896,0.1458,0.0646,1.0,0.7390247691761365,0.7243347960633117
10,0.03763019884239017,4,0,3,0.995,0.0009,0.0041,1.0,0.98935546875,0.5493804931640625
10,0.014573782269730034,2,1,9,0.1327,0.2927,0.5746,1.875,0.7661523437500002,0.5619140625
10,0.04216173341452623,4,1,9,0.5128,0.4629,0.0243,1.0,0.890693359375,0.7923809523809524
12,0.024792061303921357,1,0,7,0.1333,0.7099,0.1568,7.325,0.959375,0.5704527243589743
11,0.026131281276841785,1,2,5,0.8003,0.0887,0.111,7.075,0.9723011363636364,0.29225852272727265
11,0.03618505634434822,5,2,10,0.8968,0.0116,0.09159999999999988,1.525,0.6548717151988636,0.6319416392933238
11,0.023132337903326576,3,1,2,0.5183,0.4526,0.0291,1.075,0.7525901100852274,0.38882091175426137
10,0.03806406392025728,3,2,2,0.2304,0.1703,0.5993,1.025,0.7772656249999998,0.5586816406249999
11,0.04416674664801169,1,2,9,0.2584,0.0134,0.7282,8.5,0.6829545454545454,0.5504261363636365
10,0.04440764431229898,3,1,8,0.7977,0.0126,0.1897,1.6,0.8007617187499999,0.6526806640624999
11,0.014842995669324396,2,1,3,0.2862,0.2546,0.4592,1.075,0.9792258522727273,0.6277077414772727
11,0.021503783558035346,4,2,2,0.8219,0.1394,0.03870000000000011,1.025,0.811474609375,0.5238591974431819
11,0.036828180132257964,1,1,3,0.0088,0.3932,0.598,4.65,0.9267045454545453,0.4829545454545455
12,0.011443484203066753,1,2,7,0.5588,0.387,0.05419999999999999,6.05,0.8375,0.4988095238095238
11,0.03214306995618945,4,0,3,0.8915,0.0981,0.010400000000000012,1.0,0.5010586825284091,0.47535624714640845
11,0.013517862602474397,4,1,4,0.4088,0.1815,0.4097,1.025,0.6997270063920454,0.43809869939630686
12,0.047600803476516844,1,0,9,0.7806,0.0002,0.2192,9.75,0.5333333333333333,0.4749348958333332
10,0.010660539442883997,2,1,6,0.4901,0.4711,0.03880000000000001,6.8,1.0,0.3975
11,0.025807416343911226,5,2,5,0.7083,0.1459,0.1458,1.0,1.0,0.45227272727272727
11,0.0264051019329204,3,0,4,0.0581,0.832,0.10989999999999998,1.025,0.7899946732954545,0.49816994406960224
12,0.01468531885447806,2,1,9,0.7642,0.1305,0.1053,2.6,1.0,0.5609375
11,0.02811155529474748,4,1,2,0.3569,0.3306,0.3125,1.0,0.6794411399147728,0.43882779208096584
11,0.03337165126179103,5,0,3,0.9514,0.0461,0.0025,1.0,0.5242254083806819,0.47992768998579544
10,0.045672033295729345,3,0,4,0.4854,0.429,0.0856,2.375,0.46223632812499993,0.4492482890780011
11,0.03684468318719962,2,1,2,0.1113,0.6479,0.2408,2.9,0.9446022727272727,0.46351207386363635
10,0.012119916526143795,1,1,3,0.4499,0.2899,0.2602,4.025,0.87625,0.58228515625
12,0.044474169074460286,1,1,5,0.1485,0.48,0.3715,7.475,0.5831380208333332,0.43587239583333337
11,0.03988167279877843,4,1,6,0.1812,0.6111,0.2077,1.025,0.6257790305397728,0.4402129017223011
11,0.01965390638613491,5,2,1,0.8203,0.0677,0.112,1.0,0.752865323153409,0.4129805131392045
11,0.013884049744205642,5,2,3,0.0321,0.8945,0.0734,1.0,0.9795387961647727,0.36799612334280307
11,0.012465428861514461,3,1,6,0.4346,0.5527,0.0127,1.175,0.8216885653409092,0.5700017755681819
10,0.03557044694484651,4,1,4,0.5233,0.0898,0.3869,1.0,0.9535351562500001,0.6925
11,0.03371503986153185,2,0,8,0.2765,0.6143,0.10919999999999999,2.15,0.8230735085227273,0.5322354896622474
10,0.03018274379919502,4,1,9,0.2767,0.3902,0.3331,1.0,0.81669921875,0.4666315917968749
11,0.038250852134497325,4,0,6,0.4318,0.4506,0.1176,1.0,0.5646528764204546,0.47113008624323943
12,0.017501412078961262,2,2,3,0.1215,0.6528,0.2257,5.1,0.6622884114583334,0.547738986545139
12,0.04576044401462126,5,0,4,0.3211,0.2611,0.4178,1.0,0.6666219075520832,0.5535186468641902
11,0.018474663812542882,5,0,1,0.2962,0.1446,0.5592,1.0,0.9067582563920453,0.47058826793323877
10,0.01967976916851317,1,2,5,0.8462,0.0873,0.0665,4.825,0.6831249999999999,0.54453125
11,0.02298139495638997,4,1,8,0.7897,0.1449,0.0654,1.0,0.5230601917613636,0.5444399746981535
10,0.026263455820062766,5,0,1,0.0168,0.748,0.23520000000000002,1.0,0.9652246093750001,0.5505724542791194
11,0.03825367202141484,3,1,0,0.2797,0.2129,0.5074,2.3,1.0,0.3659090909090909
11,0.03208291628736149,2,1,9,0.4407,0.5583,0.001,3.5,0.7340909090909091,0.55
11,0.011001522978283466,2,2,5,0.2099,0.1576,0.6325000000000001,2.375,0.8615234375,0.6986476089015151
11,0.04252739290040408,1,1,0,0.5105,0.0447,0.4448000000000001,5.675,0.8136363636363637,0.5004261363636363
10,0.04958511924035363,1,2,9,0.1673,0.1874,0.6453,6.475,0.905546875,0.5299687500000001
11,0.035448902977879164,1,1,6,0.015,0.6244,0.3606,3.75,0.9954545454545455,0.3681818181818182
11,0.01840513737076249,1,0,3,0.7954,0.0798,0.1248,5.0,0.7382457386363636,0.46804865056818185
12,0.049376643556692565,3,1,1,0.2179,0.4744,0.3077,1.525,1.0,0.5442708333333334
11,0.02305951063695125,5,1,8,0.4023,0.145,0.4527,1.0,0.938168057528409,0.5453684303977273
11,0.01803025686368475,2,1,7,0.8809,0.0484,0.0707,3.075,0.7960671164772728,0.39869273792613635
10,0.012375069308861345,3,2,6,0.8494,0.0647,0.0859,1.625,1.0,0.6799999999999999
11,0.030559170131164215,2,1,10,0.6417,0.2946,0.0637,1.675,0.9196732954545457,0.5478196022727272
11,0.021271492545132487,3,1,4,0.2169,0.2434,0.5397,1.975,0.9378506747159092,0.5258478338068181
11,0.030055756176235793,1,1,7,0.7583,0.0151,0.2266,4.0,0.8462713068181816,0.535759943181818
12,0.017517374332038413,3,1,8,0.0023,0.3879,0.6098,1.05,0.806854248046875,0.6241363525390625
10,0.020414908817258166,4,1,6,0.7476,0.1657,0.0867,1.0,0.6204150390625001,0.5321036783854167
10,0.03072701626545954,5,2,10,0.9406,0.0342,0.0252,1.35,0.7826660156250002,0.5502758789062498
11,0.03059788205443873,4,0,6,0.0313,0.958,0.010700000000000012,1.0,0.490625,0.3893773920849116
11,0.026438359893472672,2,2,5,0.7217,0.2194,0.0589,1.35,0.9268732244318183,0.5431818181818182
12,0.026611306802826015,3,1,5,0.4822,0.3902,0.1276,1.025,1.0,0.6645833333333332
12,0.019769204316733527,2,2,5,0.7404,0.2416,0.018,1.125,0.9587788899739584,0.3441060384114583
10,0.0381181840282791,4,1,8,0.5462,0.2748,0.179,1.0,0.6901708984375,0.55924560546875
11,0.02721962714915764,5,0,8,0.2583,0.4087,0.333,1.0,0.4444025213068182,0.5336380887622676
11,0.010998749685712576,2,0,8,0.0282,0.3629,0.6089,2.7,0.6292702414772728,0.5739635120738635
11,0.020765474132901696,3,1,0,0.6363,0.3418,0.0219,1.0,0.9859730113636364,0.631048768939394
12,0.03816018823085686,3,2,9,0.5389,0.4504,0.0107,1.0,1.0,0.540625
11,0.041446984959202966,1,2,8,0.7246,0.2584,0.017,5.25,0.7780095880681819,0.4265843986742423
12,0.021693767838817372,3,1,9,0.0319,0.6397,0.3284,1.025,0.8180582682291666,0.6320773654513889
11,0.04030108897224527,1,1,4,0.9255,0.0527,0.0218,8.975,0.2874999999999998,0.4792613636363637
10,0.026729625126924873,5,1,9,0.8885,0.0702,0.0413,1.0,0.9093408203125,0.5130061848958334
10,0.033977470375809275,4,2,9,0.8718,0.1245,0.0037,1.0,0.5928613281249999,0.444085693359375
11,0.017905012297462882,5,0,8,0.1098,0.097,0.7932,1.0,0.5186967329545454,0.4724260272401752
12,0.012644182645199856,2,1,9,0.6028,0.0385,0.3587,5.725,0.8566731770833332,0.42588297526041663
11,0.02396887756762503,4,2,6,0.898,0.0398,0.0622,1.0,0.6734996448863636,0.5646473277698865
10,0.03491636551275266,3,2,2,0.9023,0.0185,0.0792,1.15,1.0,0.642
11,0.019902846940232533,2,2,2,0.2515,0.4579,0.2906,6.6,0.9655894886363636,0.475365693063447
12,0.04643747690190433,1,2,3,0.5516,0.3874,0.061,6.175,0.8739583333333334,0.7442293294270833
12,0.03240442012694694,5,0,1,0.2362,0.5902,0.17360000000000012,1.0,0.9166941324869791,0.3242699686686198
12,0.04334148833296234,2,1,10,0.0574,0.9059,0.03670000000000001,1.875,0.992645263671875,0.5200357290414664
11,0.028645817167854394,4,2,4,0.4326,0.3256,0.24180000000000001,1.0,0.9073819247159092,0.4084528142755682
11,0.038759994919279804,4,0,2,0.9891,0.0015,0.009400000000000111,1.0,0.5590576171875,0.4634779496626421
11,0.024688668073056065,5,2,2,0.0287,0.224,0.7473,1.0,0.8007013494318184,0.5494758374763257
11,0.043353816486230365,2,1,1,0.1218,0.1749,0.7033,1.6,0.991259765625,0.45436012961647726
11,0.03973221954755621,3,1,3,0.8379,0.1176,0.0445,1.975,0.8351917613636364,0.5673058712121212
11,0.03892828891861608,5,1,4,0.7099,0.2096,0.0805,1.2,0.7389382102272728,0.5774636008522727
11,0.017999537933926113,2,2,5,0.2063,0.6019,0.1918,7.2,0.968252840909091,0.29509943181818177
11,0.031528469451306086,4,0,6,0.9117,0.0557,0.03260000000000011,1.025,0.675830078125,0.5453990589488635
12,0.037280225362607985,3,0,6,0.2324,0.1167,0.6509,1.0,0.3859476725260416,0.523932878898852
11,0.032872330738269034,2,2,4,0.5836,0.2226,0.1938,1.275,0.9800071022727274,0.46033380681818176
11,0.0403272942610676,4,1,3,0.0382,0.7924,0.1694,1.0,0.9942848899147727,0.4078689377029221
12,0.022049950457807378,1,1,1,0.6603,0.1309,0.2088,9.025,0.75625,0.5203125000000001
12,0.04155125911362918,3,1,10,0.6474,0.2789,0.07370000000000011,6.275,0.6472310384114582,0.4877904256184896
11,0.03538673333624004,1,2,4,0.3429,0.2673,0.3898,7.45,0.8649680397727273,0.3312322443181818
11,0.03761715579931827,3,1,5,0.4676,0.2968,0.2356,1.0,0.5667724609375,0.5764642888849432
10,0.03760706341548186,2,1,7,0.0057,0.56,0.4342999999999998,4.9,0.9995312500000001,0.5626171874999999
12,0.04598611790669399,3,1,5,0.0371,0.533,0.4299,1.0,0.9882731119791668,0.5106547037760416
11,0.012357934078458529,1,2,2,0.3222,0.3121,0.3657,5.85,0.8172585227272726,0.36835937500000004
11,0.030535050344475935,2,0,4,0.9782,0.0081,0.0137,2.425,0.6829190340909091,0.4786550071022727
12,0.027267385225259205,3,1,6,0.4887,0.2896,0.2217,1.0,0.88955078125,0.347577412923177
11,0.014123268850546601,5,0,7,0.6115,0.0722,0.3163,1.0,0.45621004971590906,0.46600110059115973
11,0.019651910003852253,2,2,9,0.9262,0.0631,0.0107,5.225,0.6454545454545454,0.5431818181818182
12,0.02211733981499181,3,0,5,0.4294,0.1865,0.3841,1.1,0.7581319173177082,0.522533188518296
10,0.04691617947215774,5,1,10,0.3442,0.3961,0.2597,1.0,0.641611328125,0.577861328125
11,0.019178301920968935,3,1,8,0.4556,0.4356,0.1088,1.35,0.7180442116477271,0.4627685546875
10,0.02563919835309985,1,1,2,0.053,0.5833,0.3637,4.825,0.78,0.502734375
12,0.014110578409253675,3,2,7,0.0587,0.6049,0.33640000000000003,1.0,0.9517578125,0.5069661458333334
12,0.042216217192731685,2,1,1,0.8664,0.0669,0.0667000000000001,3.525,0.997216796875,0.3462972005208333
12,0.015404520974233348,1,0,8,0.3478,0.1111,0.5411,4.25,0.772265625,0.456201171875
11,0.04917885964260707,4,0,3,0.1689,0.6258,0.2053,1.0,0.951808860085227,0.6327540172230113
10,0.036999069318164664,2,1,3,0.3668,0.1118,0.5214,1.125,0.9820996093750001,0.41
11,0.037086127917489255,3,1,3,0.1975,0.3158,0.4867,1.075,0.8630637428977274,0.5065895774147726
10,0.039096879756007764,1,2,1,0.9072,0.0072,0.0856,4.925,0.999951171875,0.5
11,0.019452797997116113,4,1,2,0.9307,0.0187,0.05060000000000001,1.975,0.766463955965909,0.42463933771306817
10,0.017484662777235545,2,2,9,0.3422,0.6116,0.0462,2.975,0.8558984374999998,0.489697265625
11,0.03376954493775515,4,1,4,0.3571,0.5375,0.1054,1.0,0.7818714488636364,0.30121553279151597
11,0.026482872201238107,3,0,7,0.3415,0.655,0.0035,1.025,0.4926225142045455,0.578778697389015
10,0.03505544653893621,4,1,7,0.6882,0.2706,0.04119999999999979,1.0,0.80162109375,0.516319580078125
11,0.029387491928790734,5,2,5,0.4081,0.4283,0.1636,1.0,1.0,0.8151515151515152
11,0.024633670006736996,3,1,3,0.3823,0.5116,0.1061,1.0,0.7150435014204546,0.48497969193892043
11,0.015178760251887313,3,2,7,0.3064,0.5238,0.1698,1.45,0.7694069602272726,0.6718239524147728
11,0.015870280070645826,4,0,5,0.6605,0.0339,0.3056,1.0,1.0,0.4309999999999999
11,0.029242849526881658,2,1,2,0.9532,0.0162,0.0306,1.45,0.7022372159090908,0.5578979492187501
11,0.011740002961549943,5,1,7,0.3094,0.2883,0.4023,1.0,0.5595858487215908,0.3131837998427354
11,0.0223081295519899,4,0,0,0.5015,0.2599,0.2386,1.075,0.878045099431818,0.5210494461593094
11,0.01897734548810197,2,2,5,0.1429,0.7107,0.1464,1.05,0.6549760298295454,0.6234441583806818
11,0.026893403928799797,5,1,9,0.6624,0.0983,0.2393,1.0,0.8859841086647726,0.4675018310546875
11,0.020577916379947422,4,0,7,0.3771,0.2734,0.3495,1.0,0.7410023082386366,0.481444583522115
11,0.03262544797534592,1,1,1,0.7871,0.0689,0.144,8.425,0.45980113636363634,0.4954545454545453
10,0.018078757327056796,5,2,1,0.222,0.2067,0.5713,1.4,0.98984375,0.7811886160714285
10,0.023832155443355464,3,1,5,0.9068,0.0242,0.069,1.0,0.6368847656250001,0.46528564453125
10,0.03148748360508006,2,1,4,0.7235,0.1583,0.11820000000000001,1.1,0.8186621093750001,0.49239013671874987
10,0.021639599320136173,1,1,2,0.3347,0.3342,0.3311,2.15,0.85375,0.5159960937500001
12,0.041009800232913424,1,1,0,0.4053,0.0348,0.5599,4.2,0.8320963541666668,0.5112809244791667
11,0.04087059191359729,4,1,5,0.8562,0.1115,0.0323,1.0,0.8131724964488638,0.2879057648894074
10,0.030411515318995996,4,0,0,0.1633,0.4347,0.402,1.9,0.6261621093750002,0.5042749604724703
11,0.026702366616650458,3,1,7,0.2843,0.1616,0.5541,1.0,0.7316672585227272,0.4602486350319602
11,0.02634735647619297,3,2,6,0.9886,0.0056,0.0058,1.0,0.9609064275568182,0.4509832208806818
10,0.019541333022202616,3,1,9,0.7015,0.154,0.1445,1.025,0.6536083984374998,0.42411376953125
11,0.015446246118076202,5,1,8,0.3372,0.4897,0.17309999999999998,1.0,0.6118896484375,0.4223681640625001
12,0.010873710635177369,3,2,7,0.2864,0.6027,0.1109,1.0,0.832818603515625,0.3437500000000001
11,0.028332510552185677,5,1,8,0.0162,0.9364,0.0474,1.0,0.985025301846591,0.6333118785511365
11,0.024866859617491896,5,1,5,0.7146,0.2012,0.0842000000000001,1.0,0.8433416193181816,0.215948486328125
11,0.03508430729407659,5,1,4,0.6649,0.1624,0.1727,1.275,0.6982555042613635,0.5230938535748105
11,0.019683983231789916,4,1,10,0.6041,0.3441,0.05180000000000011,1.8,0.834326171875,0.4063054865056818
11,0.02951990190837169,4,2,2,0.9846,0.0111,0.004300000000000011,1.0,0.8688720703125001,0.38195079456676134
12,0.017680998867284147,4,2,3,0.5999,0.2819,0.11820000000000011,1.0,0.8806640625,0.5338448842366537
11,0.03263448909504474,3,1,8,0.149,0.2103,0.6407,1.0,0.5835182883522728,0.515097138375947
11,0.03885372989860023,3,2,2,0.8804,0.0286,0.09100000000000011,1.525,0.8119939630681816,0.5901966441761364
11,0.02793722918423224,3,0,0,0.7497,0.0645,0.1858,1.475,0.9144131747159092,0.4978464406687063
11,0.014880855213908823,3,1,7,0.2299,0.4152,0.3549,1.0,0.7933837890625,0.44405018199573865
11,0.04136625134173116,2,0,8,0.2183,0.1111,0.6706,3.575,0.994287109375,0.6310990767045455
11,0.016258093978809125,1,1,1,0.873,0.1234,0.003600000000000011,6.125,0.8181818181818181,0.37215909090909094
12,0.03292297054468583,3,2,3,0.6247,0.1906,0.1847,1.025,1.0,0.3333333333333333
11,0.01285176739004632,5,1,5,0.9936,0.0018,0.0046,1.0,0.7872669566761364,0.5076228471235795
10,0.0194207646027611,3,1,5,0.4629,0.0691,0.468,1.95,0.6350927734375,0.5940509711371529
10,0.018940587440776563,3,0,3,0.6681,0.0671,0.2648,1.0,0.5913964843749999,0.34091227213541664
10,0.028577439619253624,2,1,4,0.0857,0.8766,0.0377,3.325,0.7537499999999999,0.47990234374999996
10,0.022067455212330556,2,1,4,0.7905,0.0578,0.1517,7.95,0.7075,0.5025000000000001
12,0.04033620794224564,1,1,4,0.4817,0.4045,0.1138,8.275,1.0,0.4776041666666666
10,0.01711423445270052,4,2,1,0.8586,0.0539,0.0875,1.0,0.805,0.40499999999999997
10,0.022728660057997688,2,1,4,0.7772,0.1153,0.1075,4.325,0.805,0.56678125
12,0.034409583920158235,1,1,7,0.7057,0.0577,0.23659999999999998,8.025,0.5075520833333333,0.459375
12,0.0324226711805404,2,0,6,0.8297,0.1429,0.0274,4.7,0.791796875,0.5712727864583333
10,0.01480067970895008,2,0,3,0.8619,0.1012,0.03690000000000001,1.275,0.8296679687499999,0.4418465169270833
10,0.03571863684501446,2,1,8,0.9668,0.0326,0.0006,1.1,0.802705078125,0.7667301432291667
11,0.04207936412351081,3,2,8,0.0445,0.0881,0.8674,1.45,0.6003861860795454,0.7210682262073863
12,0.037133180535645335,4,1,7,0.0613,0.0882,0.8505,1.325,0.86064453125,0.5809822252061633
10,0.03810424170909882,4,1,8,0.7543,0.2337,0.012,1.0,0.95779296875,0.62939013671875
11,0.01900263694731081,1,1,5,0.262,0.5675,0.1705,7.25,0.5920809659090909,0.5003728693181818
11,0.040054689199737904,3,2,6,0.5678,0.0181,0.4141,1.0,0.9931618430397726,0.3984997880773459
10,0.018523858852153616,4,1,9,0.7166,0.1888,0.09459999999999999,1.0,0.98857421875,0.37796386718749997
12,0.03470646425541613,3,0,10,0.8207,0.0187,0.1606,1.075,0.5337249755859375,0.5339701334635418
10,0.012667850605471195,1,0,8,0.9967,0.0007,0.0026,6.925,0.7075,0.4700000000000001
10,0.025957943334017505,3,1,7,0.5569,0.2719,0.17120000000000002,1.0,0.8027148437499999,0.7642407226562499
11,0.028846800717434763,4,2,7,0.2569,0.0561,0.6869999999999999,1.15,0.7565962357954545,0.42437966086647716
10,0.045298439929137034,3,2,2,0.9269,0.0692,0.0039,1.35,0.6949804687500001,0.4
11,0.049168538436877234,4,1,7,0.0733,0.1891,0.7376,1.0,0.6015558416193182,0.5524046827196241
11,0.02258232773459435,5,1,7,0.1089,0.5319,0.35919999999999996,1.0,0.5817804509943182,0.5417300692471592
11,0.020600033252410055,1,2,6,0.4167,0.4939,0.0894,2.775,0.8082741477272727,0.5066761363636363
11,0.038474101536055086,2,1,9,0.9868,0.006,0.0072,2.875,1.0,0.6352272727272726
11,0.03349096285130061,4,1,4,0.826,0.0202,0.15380000000000002,1.0,0.809612482244318,0.5227419766512783
12,0.01577377010040428,4,0,4,0.6532,0.1601,0.1867,1.0,0.7544799804687499,0.4517239535296406
10,0.031081297002024486,1,1,0,0.2398,0.5637,0.1965,6.375,0.5734375,0.48890625
11,0.021153181195623236,3,2,9,0.2555,0.0587,0.6858,1.0,1.0,0.36363636363636365
10,0.04864918045754231,4,0,2,0.6704,0.0012,0.3284,1.0,0.57419921875,0.5653655133928572
11,0.04298348530746414,3,2,8,0.4501,0.3277,0.2222,3.0,0.75625,0.5471996753246753
11,0.03522265870790576,3,1,7,0.9593,0.0239,0.01680000000000001,1.325,0.833806818181818,0.37721058238636357
10,0.03414860610098508,1,2,1,0.94,0.0376,0.0224000000000001,4.775,0.641875,0.4615625
11,0.024188737548572613,5,1,9,0.7457,0.1575,0.09679999999999998,1.025,0.90478515625,0.5186867453835227
11,0.01689103345344065,1,0,2,0.9417,0.0326,0.0257,3.625,0.4257346413352273,0.5935689290364582
11,0.01172237686653654,2,2,5,0.0033,0.0797,0.917,1.65,0.8015447443181818,0.47546291599025975
11,0.04043197408087361,4,1,6,0.7869,0.1785,0.03459999999999999,1.0,0.6719704367897726,0.7337204811789771
11,0.0329730055329624,3,1,6,0.2561,0.743,0.000900000000000011,1.05,0.9942271839488637,0.5445814098011363
11,0.02024203651309143,3,0,8,0.6965,0.0231,0.2804,1.0,0.4145973899147727,0.5640269114558857
11,0.017237862117847405,2,1,9,0.5151,0.2386,0.2463,1.125,0.5244406960227274,0.48535722212357957
12,0.01880271721425754,1,2,2,0.0155,0.851,0.1335,9.375,0.8705403645833332,0.4809509277343749
10,0.03574728814051351,2,1,0,0.6903,0.1075,0.2022,1.425,0.9832812499999999,0.493671875
11,0.015328495417486546,3,1,2,0.1026,0.7861,0.1113,1.025,0.992178622159091,0.5446810635653409
11,0.04996825874508457,2,2,2,0.499,0.052,0.449,1.275,0.952725497159091,0.4458296342329546
12,0.04257144458183905,4,2,8,0.4866,0.4806,0.0328,1.075,1.0,0.49851190476190477
12,0.02143657179776915,3,2,9,0.5447,0.3659,0.0894,1.0,0.7311767578124999,0.5498285929361979
11,0.02504952983280384,3,0,5,0.8413,0.0494,0.1093,1.0,0.8681662819602274,0.6140984494149968
11,0.028442955357992968,2,1,9,0.4266,0.0056,0.5678,1.05,0.7034090909090909,0.42001553622159093
10,0.030509826753530374,2,1,7,0.615,0.0406,0.3444,1.025,1.0,0.6950000000000001
10,0.025721126436859906,4,1,4,0.3655,0.292,0.3425,1.0,1.0,0.595625
11,0.022814735385258918,5,0,1,0.1269,0.8271,0.04600000000000001,1.0,0.6364590731534092,0.5177471584743925
11,0.03214770473824698,4,0,4,0.1212,0.4539,0.4249,1.0,0.5388738458806818,0.4978458120803202
11,0.04486137799997856,5,2,8,0.3767,0.2492,0.3741,1.0,0.7998757102272728,0.5964644791243913
12,0.048710946417164266,2,2,2,0.5124,0.3149,0.1727000000000001,1.05,0.9197509765625,0.4704121907552083
12,0.022943719522792012,5,2,5,0.1536,0.5991,0.2473000000000001,1.0,1.0,0.5770833333333334
11,0.032210927891394764,2,1,9,0.2544,0.0117,0.7339,1.55,0.6068492542613637,0.5721213600852273
11,0.030378685758687865,3,1,3,0.4993,0.1611,0.3396,1.05,0.7163796164772727,0.4389435739228219
12,0.04565152209190165,2,1,4,0.952,0.015,0.033,4.2,0.8821695963541668,0.49972873263888895
11,0.044714889878097325,1,0,1,0.6119,0.1172,0.2709,5.375,0.8110795454545455,0.739630681818182
11,0.024612737958392875,1,2,6,0.5169,0.1658,0.3173,8.0,0.45681818181818185,0.5017045454545453
12,0.04270003150538698,2,1,2,0.7248,0.0775,0.1977,1.05,0.6383066813151042,0.6362711588541666
12,0.03701330402601458,3,0,6,0.8883,0.0155,0.0962000000000001,1.3,0.9151692708333332,0.5342957390679255
10,0.01080470939173999,1,1,2,0.2199,0.6245,0.1556,3.475,0.74025390625,0.54555419921875
10,0.025301593754935656,4,1,1,0.4798,0.2073,0.3129,1.0,1.0,0.692
12,0.031648592647927874,2,2,5,0.7121,0.2494,0.0385,2.975,0.873828125,0.5337239583333334
11,0.026530819062214404,2,0,9,0.2759,0.1039,0.6202,3.1,0.8227272727272726,0.4559090909090909
11,0.011404788321030115,5,1,4,0.8749,0.0461,0.07900000000000001,1.0,0.6002263849431817,0.5496157004616478
12,0.02217618876369907,5,2,1,0.8819,0.0428,0.0753,1.0,1.0,0.4125
12,0.022784166193963194,4,2,2,0.4047,0.4282,0.1671,1.0,1.0,0.6508928571428573
11,0.022130557158243955,2,1,4,0.6651,0.2525,0.08239999999999999,1.325,0.80576171875,0.5431818181818182
11,0.03369600843093728,3,0,3,0.4701,0.0893,0.4406,1.05,0.6391357421875,0.33207497336647723
12,0.04582392393680912,3,0,8,0.3664,0.4643,0.1693,1.25,0.4586822509765625,0.5017456517075047
10,0.012905376625825152,5,1,5,0.6668,0.2236,0.1096,1.0,0.6073828125,0.43546630859375013
10,0.04941329812370131,2,2,8,0.3883,0.2735,0.3382,1.575,0.805,0.504375
12,0.015680927159205448,1,1,6,0.8241,0.1291,0.04679999999999999,6.1,0.7515625,0.5526888020833335
10,0.049155320504920934,2,1,4,0.8052,0.0949,0.0999,1.25,1.0,0.5995
10,0.033556721461529486,3,0,3,0.9862,0.006,0.007800000000000012,1.025,0.3906005859375,0.56446728515625
11,0.03922490359333407,1,1,10,0.3717,0.1886,0.4397,6.675,0.3791193181818181,0.4767400568181818
11,0.0456357297377052,4,0,0,0.0816,0.4015,0.5169,1.25,0.4053267045454546,0.4686082964320047
11,0.025599323722850387,2,1,7,0.6166,0.1073,0.2761,6.9,0.7293678977272728,0.49771987452651506
11,0.028022254731757387,2,0,3,0.5008,0.0596,0.4396,5.975,0.7063920454545454,0.4564884334415584
12,0.0484777075979901,2,0,10,0.7912,0.0727,0.1361,3.95,0.5703613281250001,0.4981642950148809
11,0.012918814783930506,4,1,9,0.2477,0.3237,0.4286,1.0,1.0,0.4818181818181818
11,0.03384653223830254,2,1,4,0.0657,0.3582,0.5761,4.1,0.7679177024147728,0.3984084990530303
10,0.020852987597308595,4,1,9,0.9883,0.0104,0.001300000000000111,1.0,0.8283837890625,0.4613528878348214
11,0.011289915508938483,4,2,4,0.4473,0.1626,0.3901,1.0,0.8174050071022727,0.43726714691558444
11,0.012495732883983604,4,0,5,0.8758,0.0535,0.0707,1.95,0.9849387428977273,0.4569577214305351
11,0.01198797755627818,5,0,9,0.0549,0.3748,0.5703,1.0,0.998095703125,0.47287710478811534
11,0.040598090169474015,3,0,7,0.1396,0.758,0.1024,1.725,0.8482488458806818,0.4229416884385147
11,0.04894403093297344,1,0,1,0.6654,0.0495,0.2851,4.875,0.8170454545454546,0.37161931818181826
12,0.03346354095494746,5,0,7,0.7446,0.0387,0.2167,1.0,0.958978271484375,0.47038384331597227
12,0.028874996227960616,5,0,2,0.4601,0.2185,0.3214,1.0,0.5345438639322916,0.49370759388757135
11,0.018162098927626304,2,1,8,0.5098,0.0871,0.4031,2.15,0.76005859375,0.6000310724431818
11,0.039907935528598816,1,0,9,0.2329,0.4162,0.3509,8.575,0.7227272727272729,0.5177272727272726
11,0.044608321844132465,2,0,4,0.9287,0.0576,0.0137,6.425,0.7339155717329545,0.6465771484375
10,0.017120042317558957,5,1,4,0.4121,0.5717,0.0162,1.0,0.725205078125,0.5238654436383928
12,0.027637147281480638,2,1,8,0.7802,0.2163,0.003500000000000111,1.2,1.0,0.5791666666666668
11,0.025766794729851564,1,1,8,0.9649,0.0016,0.0335,5.15,0.8664417613636364,0.4767578125
11,0.03351940754714142,5,1,8,0.0681,0.7046,0.2273,1.0,0.9894220525568181,0.4573985706676136
12,0.010453918796785762,4,2,3,0.757,0.0735,0.1695,1.575,0.692694091796875,0.5188153584798176
11,0.02654713746294067,2,1,9,0.0813,0.8043,0.1144,1.15,0.7662464488636364,0.4291947798295455
11,0.028137937688612384,4,0,2,0.7714,0.171,0.05760000000000001,1.425,0.514022549715909,0.5409413259266775
10,0.025318467890965105,3,0,8,0.8017,0.0247,0.1736,1.0,0.7965722656249999,0.45063537597656256
12,0.03309937562246323,2,0,7,0.3055,0.6667,0.0278,3.075,0.5932169596354168,0.35763840448288686
11,0.016715439334536668,2,2,10,0.2367,0.2341,0.5292,1.075,0.6838001598011364,0.5581390565814395
12,0.010722332300704934,1,1,8,0.6279,0.1187,0.2534,4.4,0.994921875,0.41866048177083337
11,0.030827746871290536,2,2,7,0.5761,0.0366,0.3873000000000001,4.875,0.9053089488636363,0.7682617187500002
10,0.04291631143999467,2,1,3,0.6517,0.0079,0.3404,2.025,0.9070703124999999,0.80642578125
12,0.04131147750972678,4,1,9,0.7105,0.0391,0.2504,1.475,0.99381103515625,0.41945444742838556
11,0.02472288789719982,5,1,9,0.552,0.1047,0.3433,1.0,0.9963645241477274,0.5060916785037877
10,0.01676148230552229,4,2,9,0.5496,0.0574,0.393,1.0,0.7779589843750001,0.4422607421875
11,0.037313719846403935,2,2,1,0.606,0.1013,0.2927,2.475,0.7323419744318183,0.5915601325757576
11,0.03533540026887206,4,0,6,0.2824,0.4361,0.2815000000000001,1.0,0.5255171342329545,0.5059580556162588
11,0.019922740199949142,1,0,0,0.178,0.6284,0.19360000000000002,5.15,0.8181818181818181,0.5254261363636363
11,0.036232547913960744,2,1,1,0.5844,0.1467,0.2689,1.85,0.7849875710227273,0.3261363636363636
10,0.020709782271859226,4,1,8,0.0145,0.0697,0.9158,1.025,0.9923486328125,0.49916845703125007
11,0.023789962073848474,3,1,9,0.9028,0.058,0.03919999999999988,1.65,0.8826260653409091,0.48838746702516234
11,0.04055490823760142,4,1,3,0.3889,0.591,0.0201,1.0,0.6874400745738636,0.7113366487841588
11,0.0441123123357066,2,1,7,0.5273,0.2387,0.234,1.05,1.0,0.7227272727272729
11,0.023524483578200105,4,2,5,0.2571,0.3299,0.413,1.0,0.6048739346590909,0.5179104891690341
12,0.02880197465596005,1,1,4,0.59,0.093,0.317,6.3,0.703125,0.4760416666666667
10,0.04118653985250178,4,1,6,0.8843,0.0651,0.0506,1.0,0.6146533203125,0.5134721790660511
11,0.013701125519911348,4,0,1,0.0597,0.2256,0.7147,1.0,0.7272838245738636,0.5556457970856894
12,0.04331078688848483,4,1,9,0.5477,0.1452,0.3071,1.5,0.6623718261718751,0.5731046040852865
11,0.03567297898228488,5,0,9,0.8393,0.0978,0.0629,1.175,0.44942294034090907,0.4669046301143025
12,0.02902181534869623,3,1,2,0.0496,0.7482,0.2022,1.875,0.9383626302083335,0.5006917317708333
11,0.035643752304243805,3,1,2,0.6124,0.159,0.2286,1.675,0.7992498224431819,0.5484482088955965
10,0.04964348469194185,2,1,6,0.7381,0.1501,0.11180000000000001,3.65,0.7131347656249999,0.45044189453124994
10,0.04802205127619582,4,2,7,0.31,0.6291,0.0609,1.0,0.6211328124999997,0.43015537806919646
11,0.010696894714104942,5,0,9,0.2079,0.4294,0.3627,1.0,0.7435968572443181,0.44759864744076056
12,0.037848680733749744,3,1,7,0.1108,0.7552,0.13399999999999998,1.125,0.9658955891927082,0.5093559265136719
12,0.030784963909142538,2,1,9,0.1418,0.566,0.2922,1.65,0.8289306640625,0.4832977294921875
10,0.04067081697303113,2,0,4,0.7024,0.1069,0.1907,1.075,0.8296484375000001,0.5708654785156251
10,0.02276133841995201,1,2,8,0.2917,0.2623,0.446,5.075,0.4953125,0.45609374999999996
11,0.012520686287822679,4,1,0,0.8295,0.0938,0.0767,1.0,0.988802823153409,0.36794544566761367
12,0.02371300735449828,3,0,0,0.7061,0.2893,0.0046,1.0,0.6023203531901041,0.39643135070800783
11,0.016481972108247877,3,2,6,0.9118,0.069,0.01919999999999979,1.0,0.9570667613636363,0.5777359603287339
11,0.04310776569629336,4,1,9,0.854,0.0499,0.09610000000000012,1.0,0.8603804154829543,0.5555521059976627
11,0.04148075413974353,4,1,4,0.2565,0.1079,0.6356,1.0,1.0,0.49886363636363634
11,0.021621263553014705,1,0,1,0.2387,0.308,0.45330000000000004,2.45,0.544620028409091,0.5166470614346592
11,0.024939946744677612,2,1,2,0.2415,0.4391,0.3194,2.2,0.7077769886363636,0.32209398674242423
10,0.021524420507209513,1,1,6,0.3365,0.5281,0.1354,7.4,0.8439062500000001,0.5853125
12,0.021225500536665116,1,1,9,0.6868,0.0435,0.2697,4.575,1.0,0.4145833333333334
11,0.016368549886834217,2,1,8,0.4144,0.0778,0.5078,1.975,0.8201305042613637,0.4155717329545455
11,0.03511465984415429,4,0,1,0.7338,0.2065,0.0597,1.0,0.6191916725852273,0.5329160219663149
11,0.04438990267658834,2,1,3,0.3833,0.5651,0.0516,1.275,0.6741388494318182,0.32276500355113635
11,0.03001494177327807,1,0,5,0.0915,0.4385,0.47,5.875,0.7318181818181818,0.5132575757575758
10,0.027551723980675652,5,1,4,0.6643,0.1527,0.183,1.0,0.5718164062500002,0.46894653320312496
11,0.016410126466377267,5,0,4,0.9443,0.0493,0.0064,1.0,0.981689453125,0.36965931285511366
11,0.011623535711141907,3,0,10,0.9408,0.0124,0.04680000000000001,1.375,0.5606312144886363,0.3522372951755276
11,0.04423977598500903,1,0,9,0.4977,0.2045,0.2978,8.075,0.8670454545454543,0.5920454545454545
10,0.03450883939133273,4,2,7,0.7137,0.1524,0.1339,1.0,0.5407128906249999,0.38620849609374996
11,0.04375985367736088,4,1,1,0.996,0.0012,0.0028,1.0,0.754443359375,0.6517438616071429
11,0.03225779044159144,2,0,6,0.5086,0.3995,0.09189999999999979,6.5,1.0,0.5420454545454545
11,0.031452762166123346,4,0,6,0.0848,0.0342,0.881,1.0,0.9812300248579543,0.521837992086039
11,0.029283824218073608,4,1,6,0.8738,0.0186,0.1076,1.0,0.5965176669034091,0.47468483664772726
11,0.022794081940645115,3,0,1,0.2371,0.7518,0.0111,1.025,0.6056574041193181,0.4380616714015151
11,0.04004933228916081,3,0,3,0.1068,0.163,0.7302,1.85,0.8367631392045454,0.5029230291193182
11,0.030633058213654384,2,1,1,0.091,0.711,0.198,1.7,0.826553622159091,0.6338001598011364
10,0.010378195437939206,4,1,9,0.5534,0.2488,0.1978,1.0,0.777197265625,0.5053480747767857
12,0.0451378835615266,2,1,2,0.5692,0.3905,0.0403,4.425,0.9368408203125,0.4360026041666668
12,0.010640675282193346,4,1,9,0.9947,0.0032,0.0021,1.0,1.0,0.49375
11,0.034488400417027394,4,1,2,0.4943,0.0283,0.4774,1.0,0.7516379616477273,0.7377485795454545
11,0.040983122269810435,5,1,7,0.2202,0.4947,0.2851,1.0,0.6483109907670455,0.45878628817471584
11,0.022234527455719542,2,1,3,0.3305,0.6317,0.037800000000000014,5.925,0.7323863636363637,0.5049715909090908
12,0.04842403499454903,1,2,6,0.7201,0.2237,0.056199999999999986,10.55,0.4270833333333332,0.5158854166666667
10,0.02250461753355034,4,1,7,0.7427,0.1719,0.0854,1.0,0.6944140625,0.30769543457031245
12,0.048082579633697185,4,1,2,0.3952,0.2534,0.3514,1.175,0.5887074788411459,0.49142890930175775
12,0.013599972528051153,2,1,5,0.4642,0.2225,0.3133,4.275,0.8482421875,0.4543050130208333
10,0.03496251275488308,4,1,2,0.2857,0.505,0.20929999999999999,1.375,0.8461328124999999,0.427498046875
12,0.029679682099988718,2,1,5,0.7839,0.1789,0.03719999999999979,1.25,0.842578125,0.4487630208333334
10,0.01051474703846312,4,1,2,0.879,0.1016,0.0194,1.0,0.9759179687499999,0.5489245605468749
11,0.046024947228032916,4,1,2,0.75,0.2453,0.004700000000000011,1.1,0.5858287464488636,0.6275727982954545
12,0.019302582534366924,3,0,6,0.2049,0.3566,0.4385,1.1,0.6511210123697915,0.5269677056206599
11,0.02203645267219886,3,2,2,0.6039,0.2089,0.1872,1.075,0.9715465198863636,0.6229469992897727
10,0.04329992982061587,4,1,5,0.8767,0.116,0.0073,1.0,0.965341796875,0.5993798828125
12,0.010419850648662991,5,1,10,0.837,0.0164,0.1466000000000001,1.0,0.5281300862630209,0.36107597351074217
10,0.021414817764484173,2,1,9,0.099,0.4273,0.4737,3.3,0.40873046874999996,0.44169433593749996
11,0.01656892872084364,3,1,2,0.473,0.4654,0.06160000000000011,1.0,1.0,0.6109848484848485
11,0.04863755950007973,2,1,4,0.0185,0.7713,0.2102,2.975,0.986416903409091,0.4588689630681818
12,0.017176726053747215,4,1,7,0.7512,0.0873,0.1615,1.025,1.0,0.5770833333333334
12,0.029791678947918426,1,1,8,0.8245,0.1527,0.0228,9.2,0.6546874999999999,0.5104767628205129
10,0.032684639474470624,2,1,9,0.1172,0.2706,0.6122,1.85,0.8826953124999999,0.737595703125
12,0.020656680675164206,2,0,4,0.4993,0.403,0.0977,1.025,0.61146240234375,0.5595592680431547
11,0.017052205105471355,2,1,2,0.4572,0.3448,0.198,2.775,0.7768510298295455,0.5200920336174242
11,0.030329046299790295,3,0,2,0.4247,0.266,0.3093,2.075,0.7903142755681818,0.5853278882575758
11,0.014348502866630947,5,2,7,0.5654,0.0929,0.3417,1.0,0.8562255859375,0.416488370028409
12,0.04231800100923963,2,1,9,0.0352,0.8537,0.11109999999999999,2.375,0.997686767578125,0.4958333333333333
12,0.04437320110308686,2,1,9,0.3877,0.5053,0.10699999999999998,1.425,0.84844970703125,0.6929534912109373
11,0.03379141642963497,2,1,1,0.4576,0.1435,0.3989,1.55,0.8683038884943184,0.5355575838955966
10,0.032323916142766265,4,1,4,0.152,0.0482,0.7998,1.375,0.76234375,0.6934765624999999
12,0.02067019487601543,2,2,6,0.3386,0.0241,0.6373,1.225,0.807666015625,0.6607838948567709
12,0.04698847435668298,2,2,1,0.9999,0.0,0.0001,6.95,0.7108846028645832,0.5715817260742186
11,0.04024889454255467,2,2,0,0.144,0.1169,0.7391,5.5,0.8045099431818181,0.3735706676136364
10,0.022681318566524465,5,1,6,0.6082,0.3797,0.0121,1.0,1.0,0.55475
11,0.023816290799332757,2,2,3,0.245,0.044,0.711,1.1,0.9499689275568184,0.5684847745028409
12,0.016851420419110575,2,0,6,0.4655,0.2026,0.3319,6.35,0.63524169921875,0.49247087751116075
10,0.01651325111396232,4,1,9,0.3016,0.4874,0.2110000000000001,1.0,0.9021191406250001,0.524923095703125
11,0.04417560862742407,1,1,7,0.6097,0.154,0.2363,6.7,0.8174360795454547,0.6322354403409091
11,0.03531202288662338,3,2,8,0.1623,0.5058,0.3319,1.65,0.8727095170454545,0.5370880681818182
10,0.013652084881418839,4,2,2,0.5427,0.2698,0.1875,1.0,0.8872851562499999,0.29310791015625004
12,0.03967258594446444,3,1,9,0.8452,0.0673,0.0875,1.325,0.8802510579427082,0.5891245562620837
11,0.03688003027091878,2,1,9,0.282,0.0325,0.6855,2.9,0.7586736505681818,0.5240826231060606
11,0.03354460130566571,3,1,5,0.101,0.3998,0.4992,1.0,0.9394087357954547,0.5430735402293019
11,0.049550982793452124,3,1,7,0.045,0.3017,0.6533,1.8,0.8048872514204547,0.6958683162540585
10,0.039791568874128574,2,1,8,0.9361,0.0515,0.0124,1.575,1.0,0.5
11,0.03869248373254047,3,1,3,0.4159,0.2795,0.3046,1.45,0.8179665305397726,0.7172746138139205
10,0.0498336379515486,2,2,3,0.9008,0.0697,0.029499999999999988,2.75,0.8027734375,0.68775390625
12,0.022812308879439695,3,2,9,0.092,0.8288,0.07919999999999999,1.3,0.9037404378255209,0.39851916842990454
10,0.028666849979075225,2,1,1,0.3817,0.6144,0.0039,2.65,0.7921875,0.49749999999999994
12,0.04193431451583098,3,2,8,0.3279,0.4949,0.1772,1.0,1.0,0.4166666666666667
11,0.04488500360856348,3,1,5,0.6191,0.2782,0.1027,1.025,0.9551713423295457,0.5752758360745613
10,0.015335809012779615,5,1,7,0.0929,0.8936,0.01350000000000001,1.0,0.5993359374999999,0.469744873046875
11,0.025167003681756138,2,1,6,0.3013,0.6423,0.0564,1.125,0.9729936079545457,0.19749866832386362
11,0.04807383765871081,5,1,6,0.4836,0.3368,0.1796,1.0,0.5585493607954544,0.3962402343749999
10,0.04065934561360964,3,2,5,0.0729,0.7203,0.20679999999999998,2.45,0.9174218749999999,0.849462890625
12,0.018327442743111624,3,2,6,0.6873,0.31,0.0027,1.825,0.9984130859375,0.57484130859375
11,0.029119817000241965,5,0,0,0.5831,0.1627,0.2542,1.0,0.7369984019886365,0.554787745620265
12,0.047075908782625776,4,0,9,0.0291,0.9564,0.014500000000000011,1.0,0.5074584960937499,0.5997266727023655
10,0.014475552510770848,4,1,2,0.3804,0.0989,0.5207,1.0,0.6572265625,0.5730869140625
11,0.02988202547732772,2,1,4,0.1522,0.0301,0.8177,3.725,0.9977982954545455,0.6479876893939395
11,0.022519171621724753,4,2,2,0.7003,0.2896,0.0101,1.0,0.7703102805397728,0.5424593838778409
11,0.02620538788217424,4,2,0,0.5705,0.1552,0.2743,1.0,1.0,0.4711363636363636
12,0.023072743475383673,2,0,7,0.9207,0.0612,0.0181,1.7,0.6815470377604166,0.5399563259548612
11,0.031018612983503793,3,1,3,0.1961,0.7765,0.02740000000000001,1.375,0.8034889914772727,0.5007546164772727
11,0.012439381621248998,3,1,0,0.7293,0.2574,0.01330000000000011,1.0,0.7418523615056818,0.3410102613044508
10,0.03297884097338922,3,2,7,0.5253,0.3061,0.1686000000000001,1.65,0.729208984375,0.5696484374999999
12,0.025332855835629817,4,0,1,0.729,0.0382,0.2328,1.0,0.3816558837890624,0.5167705651485559
12,0.020372493200527517,2,0,3,0.4997,0.445,0.0553,3.0,0.7343587239583333,0.5638346354166667
10,0.03716734236702822,2,1,4,0.085,0.2357,0.6793,2.15,0.68775390625,0.733427734375
12,0.025272456853938655,4,2,3,0.8479,0.1036,0.04850000000000001,1.0,0.62529296875,0.312542724609375
11,0.044784374952350596,4,1,1,0.4711,0.5287,0.0002,1.025,0.9627064098011363,0.4579456676136363
10,0.03364063192650516,2,0,4,0.1221,0.0988,0.7791,1.475,0.56505859375,0.43198674665178577
12,0.04391423855914486,4,1,4,0.6995,0.1445,0.156,1.025,0.6694234212239585,0.45857425265842017
11,0.04705518321291282,2,0,2,0.1254,0.6506,0.224,4.0,0.8083806818181818,0.6052556818181818
10,0.02706339882477024,4,1,2,0.4462,0.541,0.012799999999999877,1.0,1.0,0.6329545454545454
11,0.021958911577786958,2,1,6,0.2613,0.4716,0.2671,2.875,0.7725230823863636,0.461880770596591
11,0.03468688261902535,2,1,2,0.5193,0.1202,0.3605,2.275,0.6015802556818182,0.5658735795454546
11,0.01813287336876638,2,1,5,0.7854,0.2103,0.004300000000000011,1.875,0.7659446022727273,0.3517733487215909
10,0.02554511016466523,3,1,2,0.584,0.1904,0.2256,1.075,0.5254687499999999,0.4293673502604167
11,0.042587541128332206,1,0,7,0.8134,0.014,0.1726,7.4,0.7803977272727274,0.6235795454545455
11,0.022258993060010595,4,0,1,0.944,0.0031,0.0529,1.0,0.46774680397727275,0.5116117667326163
10,0.04728946193681989,2,0,1,0.1815,0.6457,0.1728,3.0,0.7396874999999999,0.47243815104166664
10,0.02051838682852822,4,1,8,0.7666,0.0811,0.1523000000000001,1.65,0.947060546875,0.5934375000000001
11,0.028755392296635394,4,1,10,0.1998,0.3747,0.4255,1.0,0.8686501242897726,0.5234691273082385
11,0.029328948526664685,2,1,0,0.1159,0.5086,0.3755,2.35,0.9756392045454545,0.4432765151515152
11,0.03524900281240711,4,1,3,0.1675,0.6277,0.2048,1.0,0.8907981178977273,0.41634743430397736
11,0.034236888344169894,1,1,3,0.6323,0.3257,0.042,5.925,0.8375710227272727,0.5903409090909092
12,0.046821199358058126,2,1,9,0.8449,0.0257,0.1294,2.075,0.7075317382812499,0.4487833658854166
10,0.02622484878070517,5,1,2,0.6386,0.2637,0.0977000000000001,1.0,0.9927636718749999,0.401142578125
11,0.028997124710002015,2,0,1,0.5029,0.4516,0.04550000000000001,1.925,0.599551669034091,0.5331702030066288
12,0.045608520822315965,5,2,2,0.0366,0.2487,0.7147,1.0,0.78031005859375,0.6927627563476562
12,0.04124633503988635,2,1,8,0.7949,0.1166,0.0885,3.225,1.0,0.6604166666666667
12,0.04268288760197252,5,1,1,0.5361,0.071,0.3929,1.0,0.9824249267578125,0.6636767069498697
11,0.04001859076784035,5,0,0,0.3773,0.1108,0.5119,1.0,0.7067848899147727,0.5321657997320507
11,0.027205773415913008,4,0,7,0.475,0.4369,0.08810000000000011,1.0,0.9716619318181818,0.5056629527698865
11,0.010773260570888695,3,1,9,0.0106,0.7867,0.2027,1.025,0.9968039772727273,0.894149502840909
11,0.04189965739422375,2,1,4,0.283,0.6489,0.0681,1.15,0.8181640625,0.37501775568181805
12,0.04989735018542633,2,2,4,0.1918,0.2299,0.5783,3.025,0.8668701171875,0.45521158854166666
11,0.04403002447471738,4,1,3,0.171,0.2741,0.5549,1.0,1.0,0.6335227272727273
10,0.02916239057793623,3,1,6,0.1078,0.7726,0.1196,1.525,0.946923828125,0.3025
12,0.04510875507840493,4,1,0,0.4067,0.4524,0.1409,1.0,0.7544596354166666,0.3706469217936198
11,0.03592868030604722,4,2,1,0.0467,0.6341,0.3192,1.0,0.9908602627840907,0.45819350733901504
11,0.020359804792546288,2,1,2,0.4301,0.5067,0.0632,4.0,0.8213068181818182,0.5862926136363635
11,0.03752635799384587,3,2,1,0.2998,0.612,0.0882,1.2,0.9730468750000002,0.5017755681818181
12,0.044121442028170345,4,2,5,0.6106,0.0157,0.3737,1.025,1.0,0.5
11,0.042637461411907523,2,1,6,0.5918,0.1974,0.2108,2.425,0.7777166193181818,0.6332619406960227
12,0.018558751996319928,2,0,0,0.1457,0.8434,0.010899999999999879,7.75,0.7614013671875001,0.5271378580729168
11,0.013526788780412061,4,0,6,0.6553,0.144,0.2007,1.0,0.8076615767045455,0.4882297010893265
10,0.04061275782516291,3,0,2,0.2242,0.0211,0.7547,1.025,0.482041015625,0.55461669921875
11,0.018385583903344403,1,0,8,0.3934,0.5667,0.03990000000000001,8.375,0.7302201704545455,0.5009351325757576
11,0.04099614159548528,1,2,4,0.3782,0.6072,0.014600000000000111,7.625,0.6062855113636365,0.4723011363636364
11,0.024057206054024283,2,1,0,0.9273,0.0638,0.0089,3.025,0.7479403409090908,0.4621419270833334
12,0.03562961575268433,1,1,0,0.9931,0.0023,0.0046,6.3,0.959375,0.5618896484375
11,0.020618033568108936,2,0,3,0.4422,0.5215,0.0363,5.075,0.6098277698863636,0.5400753136837121
12,0.04558056532915656,3,0,4,0.7756,0.1972,0.0272000000000001,1.2,0.5988159179687502,0.526240229196867
11,0.02926092606605811,1,2,5,0.6574,0.1499,0.1927,6.525,0.7030894886363637,0.5
10,0.029435463243860115,2,1,2,0.7508,0.168,0.0812,2.2,0.788349609375,0.40609375
11,0.04120078402956664,5,1,9,0.7537,0.0585,0.1878,1.0,0.9990478515625,0.38034150094696967
10,0.01866574459123728,2,1,10,0.3598,0.1998,0.4404,6.475,0.6075,0.4993164062499999
11,0.03385869771438458,2,1,2,0.1616,0.0304,0.808,1.075,0.8492143110795454,0.46067005504261366
11,0.0460284860405054,4,2,1,0.2942,0.4114,0.2944,1.0,0.7521484375,0.35267223011363635
11,0.02744001684203297,2,1,1,0.1112,0.4269,0.4619,2.3,0.9245827414772727,0.6380792791193182
10,0.03456857374483937,2,1,2,0.0269,0.2499,0.7232000000000001,5.05,0.96953125,0.5950781249999999
11,0.02512134813191949,1,0,0,0.8306,0.1221,0.0473,5.375,0.7786931818181818,0.5758928571428571
11,0.029146052816607773,4,0,7,0.9425,0.0101,0.0474,1.0,0.5833318536931819,0.4245651539363807
11,0.04217795490890445,4,1,6,0.853,0.0641,0.0829,1.0,0.8146772904829547,0.6487624659682766
12,0.03670015443604182,4,1,2,0.5719,0.066,0.3621000000000001,1.0,0.855511474609375,0.33157552083333336
11,0.042324511774267166,4,0,8,0.2428,0.2897,0.4675,1.0,0.4605735085227273,0.5517785202560814
10,0.013853954071208116,3,2,3,0.9291,0.0413,0.0296,1.0,0.651513671875,0.49607177734374996
10,0.01432364290659056,4,1,1,0.3844,0.4212,0.1944,1.0,1.0,0.4025
11,0.015133706535445126,4,2,9,0.0963,0.0866,0.8171,1.0,0.838567560369318,0.6671342329545455
11,0.025200014222999036,3,0,7,0.605,0.0448,0.3502,2.425,0.6790771484374999,0.5569754714600778
12,0.03285311956104688,4,0,6,0.8525,0.1219,0.0256,1.0,0.7216389973958333,0.6396617253621419
10,0.01947337883499016,2,1,6,0.3968,0.0506,0.5526,3.925,0.8414746093750001,0.5025390625
10,0.03744402080544666,1,1,7,0.1432,0.6359,0.22089999999999999,3.7,0.7996875,0.4527783203125
10,0.014505038165229397,2,1,2,0.5945,0.1571,0.2484,1.15,0.9966601562499999,0.44748914930555567
10,0.01597878080440921,4,2,7,0.8787,0.0383,0.08299999999999999,1.0,0.7912890625,0.5075000000000001
11,0.04027835522360265,4,1,1,0.7393,0.0539,0.20680000000000012,1.0,0.9944158380681817,0.5457830255681819
11,0.03288974517657796,3,2,2,0.3285,0.3222,0.3493,1.25,0.6169300426136364,0.45117520419034085
12,0.041692667220553904,5,1,7,0.9692,0.0039,0.02689999999999999,1.0,0.4701273600260418,0.561897919669984
11,0.01613675164190973,5,1,4,0.5612,0.1115,0.3273,1.0,0.4006281072443182,0.4715472134676847
11,0.03198393540409663,4,1,3,0.1765,0.251,0.5725,1.225,0.7385076349431817,0.5060630104758522
11,0.04466057162195678,2,2,1,0.4431,0.2642,0.2927,2.4,0.7119318181818182,0.5066051136363636
11,0.047296677256883454,3,0,0,0.584,0.0949,0.3211,2.275,0.7123468572443181,0.521771240234375
11,0.029840083221895207,3,1,7,0.8816,0.0485,0.06989999999999999,1.0,0.9951526988636363,0.715389737215909
11,0.016117028296078913,4,0,5,0.0212,0.6259,0.3529,1.025,0.9710471413352273,0.501302823153409
11,0.02737436719691392,5,1,10,0.5367,0.4097,0.05360000000000011,1.0,0.5181263316761363,0.5563436612215908
11,0.048233696987767694,2,1,5,0.199,0.2309,0.5701,1.2,0.9433904474431817,0.5588656338778408
10,0.034088752127930076,5,1,8,0.1939,0.7867,0.01940000000000011,1.0,0.9849853515625,0.50353515625
10,0.04264913589049416,3,1,8,0.9266,0.0095,0.06390000000000011,1.45,1.0,0.7
12,0.02444519798955634,4,2,2,0.5201,0.1364,0.3435,1.0,0.7378865559895834,0.21031697591145831
10,0.020789212180615066,1,1,5,0.8152,0.018,0.1668,5.5,0.6169140625,0.46267578125000003
11,0.020230858931368476,2,2,4,0.0714,0.8876,0.04100000000000001,6.675,1.0,0.5454545454545454
10,0.0333169067606669,1,1,2,0.8368,0.0489,0.11430000000000011,4.1,0.811474609375,0.5075000000000001
12,0.02337743225703342,3,1,2,0.3487,0.2095,0.4418,1.0,0.8435302734375,0.4044474283854166
12,0.010794609874892353,2,2,3,0.2481,0.2505,0.5014,4.025,0.7114908854166667,0.6947428385416666
11,0.04812701756157418,4,0,4,0.4648,0.4922,0.043,1.0,0.41983309659090917,0.5305282470991367
11,0.04662814789301828,5,1,1,0.4645,0.1202,0.4153,1.0,0.9943359375,0.46028608842329544
11,0.023668712696855717,3,1,9,0.3602,0.2442,0.3956,2.525,0.7657470703125,0.6063987831016642
11,0.01054756611057347,4,1,7,0.9894,0.0039,0.0067,1.025,0.8904296875,0.6061006303267045
12,0.04647574153386645,4,2,4,0.5939,0.0164,0.3897,1.0,0.891217041015625,0.42535035269601007
11,0.02398619151331493,2,2,9,0.5559,0.3032,0.1409,1.225,1.0,0.5443181818181818
12,0.04373118068309364,3,2,0,0.9153,0.0429,0.04180000000000001,1.025,1.0,0.5609375
11,0.012299877551759998,2,2,4,0.6197,0.2525,0.1278,4.625,0.8144952947443184,0.6677516590465199
12,0.020258153626108975,4,1,8,0.8037,0.0781,0.11820000000000011,1.0,1.0,0.6619047619047619
10,0.04578755950423357,5,2,1,0.1752,0.5751,0.2497,1.0,0.856962890625,0.5711240234374999
12,0.02209265619370157,3,0,2,0.6168,0.317,0.0662,1.0,0.7679575602213543,0.4082046578147195
10,0.039005444193356456,3,1,8,0.096,0.25,0.654,1.225,0.8059521484375001,0.5638876509232955
12,0.014100401571309429,2,1,7,0.2965,0.5405,0.163,1.025,1.0,0.4979166666666667
10,0.037153938877125474,1,1,6,0.6961,0.2344,0.06949999999999978,4.6,0.66484375,0.4863515625
10,0.017270498037444522,5,1,9,0.6421,0.2841,0.0738,1.0,0.934296875,0.4023518880208333
11,0.010049763185941283,4,1,1,0.2044,0.3862,0.4094,1.0,0.9412264737215909,0.5675374613179789
11,0.04408628016015121,5,1,7,0.5134,0.4598,0.02680000000000001,1.0,0.6148992365056818,0.3677272727272728
11,0.039819792674301475,1,1,4,0.1795,0.0275,0.793,3.675,0.8421164772727273,0.6512073863636363
11,0.0312578660371953,5,1,7,0.4658,0.2941,0.2401,1.0,0.8916281960227274,0.38577274206912887
11,0.021819309177108684,3,1,8,0.3165,0.0883,0.5952000000000001,1.0,0.7139226740056819,0.33368752219460224
12,0.04870019858642524,5,1,4,0.7302,0.1441,0.1257,1.0,0.5003662109375,0.44792625144675924
11,0.013044851357778536,2,1,1,0.6154,0.1352,0.2494,2.225,0.8769176136363637,0.4906782670454545
12,0.044298980176950505,4,1,1,0.994,0.0016,0.0044,1.0,1.0,0.58125
12,0.038190101194583,3,2,5,0.4441,0.0136,0.5423,1.025,0.9381042480468749,0.4298272026909723
10,0.027460721249857045,4,2,8,0.3578,0.4805,0.1617,1.0,0.5274951171875001,0.42427856445312495
10,0.027540881582762383,2,0,3,0.6157,0.1072,0.2771,4.8,0.6489843749999998,0.47659374999999987
11,0.020696029695415445,3,2,8,0.2812,0.0784,0.6404,1.05,0.6929132634943181,0.45949485085227276
11,0.0397039844138422,1,2,2,0.4812,0.4853,0.03349999999999999,5.925,1.0,0.5081818181818181
10,0.013385140707842337,1,2,8,0.4297,0.5436,0.026699999999999988,7.65,0.8243750000000001,0.4987499999999999
10,0.028002186660082827,1,0,0,0.1724,0.4347,0.39289999999999997,7.6,0.6975,0.5243749999999998
12,0.03302206110368825,5,1,9,0.8803,0.0688,0.0509,1.025,0.930255126953125,0.5773325602213542
11,0.02172091928930276,5,2,2,0.2504,0.4461,0.3035,1.0,0.680306729403409,0.38744895241477273
10,0.010733486780795986,1,1,4,0.9085,0.0821,0.00940000000000001,3.1,0.61498046875,0.48939453125
11,0.021787070301443903,3,1,8,0.6424,0.1872,0.1704,1.0,0.8140425248579544,0.2998691905628551
10,0.025418095973994644,4,2,7,0.0306,0.4979,0.4715,1.0,1.0,0.54875
11,0.049023694450087044,1,1,5,0.0447,0.1224,0.8329,6.475,0.3751420454545455,0.49914772727272727
12,0.04014738051024886,3,1,0,0.8274,0.0885,0.0841,3.925,0.9996663411458332,0.4390268961588542
10,0.013248314496686486,4,1,3,0.7817,0.1019,0.1164000000000001,1.0,0.99005859375,0.49682861328124994
11,0.012167326177533817,4,1,4,0.8673,0.1015,0.0312,1.0,0.8336337002840908,0.4672924487621753
11,0.03984664326711825,2,2,1,0.0277,0.8752,0.09710000000000012,4.7,0.9954545454545455,0.460360440340909
10,0.010197442075569132,4,1,8,0.6477,0.0214,0.3309,1.0,1.0,0.395
10,0.03812889651193144,3,0,5,0.3596,0.3538,0.2866,1.0,0.965341796875,0.5360449218750001
12,0.038134428058011184,4,0,6,0.828,0.0653,0.1067,1.0,0.7826283772786459,0.506806836809431
10,0.025189856487332636,3,0,1,0.903,0.0019,0.0951,1.225,0.6542089843750001,0.4961373525766225
11,0.029725263099054863,4,1,3,0.3868,0.5013,0.11190000000000011,1.0,0.7432106711647728,0.45988793311181003
12,0.032908498678297315,4,0,5,0.0283,0.6335,0.3382,1.025,0.9942738850911459,0.5171683901832218
11,0.018216518030791662,4,1,9,0.4339,0.131,0.4351,1.0,0.9965376420454547,0.48771917169744317
12,0.026955289776402942,4,0,4,0.3672,0.3744,0.2584,1.0,0.881634521484375,0.49658226013183604
12,0.01119668359973159,2,1,4,0.041,0.1736,0.7854,1.975,0.7284790039062501,0.4692138671875
12,0.04352454837795575,2,0,8,0.6843,0.1167,0.199,1.775,0.8058512369791668,0.6259977552625867
11,0.013657627535855695,3,1,7,0.827,0.0932,0.07980000000000011,1.0,1.0,0.5602272727272727
11,0.013571865003085033,4,2,2,0.8253,0.1278,0.04690000000000001,1.0,0.6814630681818181,0.4733720259232955
11,0.038791136268967095,4,1,3,0.3001,0.6486,0.05130000000000011,1.4,0.9686257102272726,0.47861874453671316
11,0.01564310349613497,5,1,10,0.7623,0.0631,0.1746,1.0,0.7348699396306818,0.27497780539772726
11,0.0398334169084401,4,0,1,0.0535,0.6626,0.2839,1.0,0.7914994673295455,0.42506325461647726
12,0.03870872627654809,5,2,9,0.6194,0.081,0.2996000000000001,1.025,0.6601623535156249,0.4380706787109375
10,0.04775378169458039,3,1,0,0.5912,0.2845,0.12430000000000001,1.0,0.99873046875,0.403270263671875
12,0.028380082142618744,3,2,8,0.1311,0.6817,0.1872,1.175,1.0,0.4166666666666667
11,0.016726105213757423,4,2,8,0.5297,0.4449,0.02540000000000011,1.0,0.6954523259943183,0.3164867054332386
11,0.025693022650874614,4,2,3,0.2593,0.6579,0.0828,1.0,1.0,0.5254545454545454
11,0.016044967080352357,2,0,9,0.0256,0.3848,0.5896,1.025,0.9915482954545455,0.49294034090909084
12,0.014919210694432507,4,2,3,0.7518,0.0347,0.2135,1.0,1.0,0.33124999999999993
10,0.043139295213495174,4,1,10,0.3533,0.4219,0.2248,1.0,0.7884326171875,0.5111294555664062
11,0.0143990305503706,4,1,5,0.1576,0.1607,0.6817,1.0,0.8466508345170454,0.564463944868608
11,0.038515146468667966,1,1,10,0.3809,0.071,0.5481,3.35,0.6406072443181818,0.511783114346591
10,0.025244172027986823,4,0,5,0.6235,0.3211,0.0554,1.0,0.4521337890625,0.3141336495535715
10,0.029820059847334247,2,0,8,0.0557,0.0814,0.8629,4.65,0.9876220703125,0.492965087890625
10,0.02201508395207295,4,0,3,0.5821,0.2775,0.1404000000000001,1.0,0.9649316406249999,0.434432861328125
11,0.016602103383099653,5,0,8,0.0198,0.1694,0.8108,1.0,0.5469082919034091,0.4587623095491747
11,0.04953002681825978,4,0,2,0.6805,0.2001,0.1194,1.0,0.41791104403409085,0.5460963023792613
11,0.03925670859770675,4,0,6,0.2644,0.391,0.3446,1.0,0.9610329367897729,0.5105177866197487
11,0.04587831381506144,2,2,4,0.5048,0.3849,0.1103,5.075,0.7024680397727272,0.45841619318181814
12,0.012328289226544574,4,0,8,0.2344,0.5248,0.2408,1.0,0.5398996988932291,0.5140654354053904
10,0.03935403203401107,4,0,4,0.1618,0.3513,0.4869,1.0,0.3380615234375,0.3627851131663603
12,0.03211141981688587,5,1,10,0.6172,0.3137,0.0691,1.0,0.4624725341796875,0.5226087297712054
11,0.0320075473576022,2,1,2,0.712,0.1505,0.1375,2.775,0.8594282670454547,0.498193359375
10,0.04795485245546904,4,0,7,0.7685,0.0524,0.1791,1.0,0.650859375,0.5570162957548849
10,0.016325693116349266,3,2,3,0.0842,0.8179,0.09790000000000011,1.0,0.9899462890624999,0.20406005859374998
12,0.04679832231289835,3,0,1,0.8765,0.0302,0.0933,1.2,0.6693216959635417,0.5250513712565104
11,0.04787613491263998,4,1,7,0.5974,0.1198,0.2828,1.0,0.8922341086647727,0.45220070578835225
11,0.04478864194631523,2,2,4,0.5869,0.3657,0.0474,5.825,0.8005681818181818,0.4545454545454545
11,0.015203309879202702,2,0,8,0.6184,0.1901,0.1915,3.05,0.5434681285511362,0.5186251553622159
12,0.021144906880467225,4,2,0,0.249,0.1665,0.5845,1.0,0.97763671875,0.6446841430664063
11,0.040903276392215304,2,1,7,0.0079,0.4056,0.5865,5.225,0.9924094460227273,0.41842096502130677
11,0.018059501658592797,4,2,5,0.8838,0.0794,0.0368,1.0,0.7871027166193182,0.42159886215672343
11,0.03179356119522726,1,0,2,0.4404,0.2926,0.267,5.025,0.7481534090909091,0.4137231691919192
12,0.036951317137859915,1,1,4,0.1347,0.3439,0.5214,7.525,0.75625,0.59208984375
11,0.015476640515769063,5,1,9,0.1017,0.594,0.3043,1.0,0.6251131924715908,0.5783772555264559
12,0.024781338657606414,3,1,9,0.6753,0.1117,0.213,1.0,0.7827911376953125,0.6287741343180338
10,0.03127258278027817,4,1,4,0.7343,0.1297,0.136,1.0,0.9609619140625,0.786787109375
10,0.021262513773205805,4,1,4,0.3298,0.0472,0.623,1.0,0.7620751953125,0.5476871744791667
12,0.04438299638861581,4,1,4,0.4147,0.3457,0.2396,1.0,0.7622141520182293,0.5656527201334637
11,0.0231447173027333,2,1,7,0.7617,0.0365,0.2018,6.9,0.8448619495738636,0.4875019420276988
11,0.040363988063249326,4,1,1,0.572,0.0861,0.3419000000000001,1.0,1.0,0.4515151515151515
11,0.040164315809529595,2,2,6,0.0222,0.6189,0.3589,2.5,0.8115855823863637,0.4940806995738637
10,0.025677343540362614,3,1,10,0.1905,0.2916,0.5179,1.0,0.5580126953125,0.48162109375
11,0.014179990034223332,2,1,1,0.5922,0.3475,0.0603,1.675,1.0,0.5409090909090908
12,0.012372572831304081,1,2,5,0.5161,0.1163,0.3676,9.875,0.7468098958333333,0.5509114583333332
11,0.033079941136424575,2,1,9,0.4367,0.5264,0.0369,1.125,0.6966108842329546,0.5345379453716855
11,0.029606221593746436,3,2,5,0.5073,0.3431,0.1496,2.9,0.8331143465909092,0.489990234375
12,0.011839282269310098,1,1,2,0.9214,0.0273,0.0513,7.3,0.5898437499999999,0.5040364583333334
11,0.03780785724182461,3,1,2,0.2009,0.6567,0.1424,1.675,1.0,0.6207792207792208
10,0.036766661718602066,4,0,8,0.9385,0.0148,0.0467,1.0,0.5366259765625,0.4955052548363096
11,0.010445415877414425,2,0,5,0.5734,0.2169,0.2097,2.175,0.789599609375,0.41635579427083336
11,0.03155572545174562,4,2,6,0.2215,0.3298,0.4487,1.0,1.0,0.5631818181818181
11,0.030768581111440194,1,1,7,0.659,0.1489,0.1921,5.9,0.7340909090909091,0.4973484848484849
11,0.02654593133211073,5,2,2,0.1279,0.7659,0.1062,1.0,1.0,0.6586776859504132
10,0.011360924620726753,1,1,8,0.6563,0.1622,0.1815,3.95,0.8202343750000001,0.45852272727272736
10,0.02168718529003022,4,1,10,0.1359,0.6723,0.1918,1.05,0.7759130859375001,0.3169778878348214
12,0.010143561057348843,2,2,8,0.2025,0.4618,0.3357,1.075,0.849798583984375,0.6431650797526041
12,0.031227611492844226,3,1,5,0.8326,0.0405,0.1269,1.0,0.680792236328125,0.5455042521158855
11,0.02614199159691489,3,2,5,0.6737,0.2431,0.0832,1.0,0.7592795632102274,0.5102306019176137
11,0.04463566907229244,3,0,1,0.8155,0.0176,0.1669,1.1,0.5607599431818182,0.5834541459517044
11,0.028778284462406746,1,1,1,0.1717,0.6,0.2283,9.075,0.7803977272727274,0.6065340909090909
11,0.03426777971783094,4,2,9,0.4772,0.1274,0.3954,1.0,0.6247669566761364,0.459515380859375
11,0.014402174745768494,3,2,9,0.2877,0.0547,0.6576,1.025,0.497265625,0.4759996448863636
12,0.03546269527967512,1,1,0,0.7675,0.0523,0.1802,6.725,1.0,0.5833333333333334
11,0.044278477595364435,3,2,1,0.391,0.0898,0.5192,1.0,0.7477405894886365,0.44054676402698867
10,0.013349199294033628,5,1,0,0.8522,0.1151,0.03270000000000011,1.0,0.657509765625,0.518026123046875
12,0.045240054176195324,2,1,5,0.3485,0.3943,0.2572000000000001,3.725,1.0,0.59140625
10,0.03996031522793989,4,1,8,0.008,0.2267,0.7653,1.0,1.0,0.5507142857142857
11,0.039053511491732674,5,2,1,0.6884,0.1942,0.1174,1.0,0.9841042258522726,0.3475366105248918
11,0.013342212911883117,4,2,2,0.0508,0.0109,0.9383,1.0,0.998373135653409,0.3654902787642046
11,0.04561495861490819,4,0,6,0.7798,0.028,0.1922,1.0,0.9136141690340909,0.545993928377459
11,0.037141528568162586,4,1,10,0.2589,0.4843,0.2567999999999998,1.0,0.7800759055397727,0.4208722108783144
11,0.013838172787069222,2,2,10,0.8007,0.0991,0.10020000000000011,1.025,0.7149680397727274,0.47273292706642317
10,0.012618231860247445,4,1,9,0.295,0.2801,0.4249,1.0,0.6349169921875001,0.559246826171875
11,0.04247447147182165,1,1,2,0.3898,0.108,0.5022,7.6,0.7008522727272727,0.6487926136363636
11,0.03814672346704681,3,1,2,0.9012,0.0876,0.0112,1.225,0.678173828125,0.3807869651100852
10,0.021978643590953813,5,0,7,0.2109,0.1373,0.6518,1.0,0.557626953125,0.4679908040364584
10,0.032481721652058475,3,2,4,0.992,0.0074,0.0006,1.0,0.9379101562500001,0.5426451822916666
11,0.01112767046179517,4,1,5,0.4084,0.156,0.4356,1.0,1.0,0.7204545454545455
11,0.03187593141190731,4,2,9,0.4204,0.2075,0.3721,1.0,0.7995294744318182,0.5019087357954545
12,0.04630735366093784,2,1,8,0.2664,0.6709,0.0627,1.7,0.578302001953125,0.5258216494605655
11,0.04974221726867153,1,0,1,0.2519,0.4246,0.3235,4.175,0.9750355113636363,0.46189630681818183
12,0.03418878222131932,5,1,5,0.6701,0.0131,0.31679999999999997,1.0,0.5248036702473958,0.39739802042643235
12,0.030919992666446107,1,1,1,0.8476,0.1077,0.04470000000000001,6.725,0.834375,0.4654166666666667
11,0.011754423930716958,4,1,5,0.6691,0.1096,0.2213,1.0,0.6552357066761364,0.5253642134232954
11,0.04382473761915834,4,1,5,0.8054,0.0807,0.1139,1.0,1.0,0.5409090909090908
11,0.03679466747894421,3,2,10,0.3308,0.3353,0.3339000000000001,1.075,0.5840287642045454,0.5906383167613637
11,0.034759813642893496,5,1,7,0.9182,0.0404,0.0414,1.0,0.8529296875,0.6442034357244317
11,0.010092587860052992,5,0,9,0.9512,0.0469,0.001899999999999989,1.0,0.9564275568181817,0.47671437026515145
10,0.01836145366778219,4,0,6,0.9205,0.0649,0.014600000000000111,1.0,0.6096630859375,0.42012492786754263
10,0.02773707418022188,2,1,2,0.0187,0.2334,0.7479,6.05,0.93625,0.5127604166666667
11,0.011887215555895,4,0,7,0.8863,0.0618,0.0519,1.15,0.9813054865056816,0.5428519004632618
11,0.012988005806027422,3,2,2,0.3824,0.0688,0.5488,1.275,0.9465065696022726,0.36445978338068186
12,0.02983461324486506,2,2,2,0.0794,0.161,0.7596,3.075,0.84075927734375,0.6088623046875
11,0.018154877570852886,4,2,6,0.3026,0.0548,0.6426,1.0,0.7737260298295454,0.6465705640388257
11,0.019111296152393344,4,0,0,0.0748,0.8767,0.0485,1.0,0.6705166903409092,0.41902944309826207
11,0.03425695083225118,4,2,8,0.7929,0.0552,0.1519,1.0,0.9056507457386364,0.4938299005681818
10,0.018293255211636734,4,1,5,0.3856,0.3676,0.2468,1.0,0.9691503906250001,0.5521545410156248
11,0.03916198802839318,5,0,10,0.3624,0.5237,0.1139,1.0,0.7879305752840908,0.47247086651429343
12,0.03843157564261877,3,0,0,0.7634,0.2304,0.006199999999999989,1.625,0.8981526692708333,0.4960895114474824
11,0.044332669456150255,4,2,8,0.9621,0.0032,0.03470000000000011,1.025,1.0,0.5409090909090908
12,0.022740019120383256,3,1,7,0.534,0.0256,0.4404,1.975,0.7426350911458333,0.5199476877848308
11,0.030224392491857405,3,1,1,0.4269,0.2078,0.3653,2.975,0.6094682173295456,0.4749078924005681
11,0.01149737942986004,3,2,5,0.6136,0.207,0.1794,1.025,0.7399769176136364,0.5239923650568181
10,0.024044765036524748,3,1,7,0.4216,0.0381,0.5403,1.0,0.6536083984374998,0.54879638671875
11,0.03672372964306288,4,1,7,0.1568,0.0703,0.7729,1.025,1.0,0.4088068181818182
11,0.028294715035178365,2,1,3,0.3432,0.2198,0.437,6.9,0.7707275390625,0.5369617808948863
10,0.04159574739688283,2,2,6,0.7531,0.0116,0.2353,2.175,0.85146484375,0.4828125
12,0.04340911073418346,3,1,6,0.8351,0.034,0.1309,1.6,0.7088012695312499,0.5024904378255208
11,0.043008263944105805,4,1,3,0.7364,0.2053,0.0583,1.0,0.903313654119318,0.5319266183035715
10,0.024926962360619843,3,0,2,0.5617,0.3002,0.1381,1.0,0.8988085937499999,0.48777490234375
11,0.012796246371352913,5,2,3,0.1199,0.4717,0.4084,1.0,0.7961115056818182,0.5503107244318182
10,0.013927397847793448,1,1,8,0.0745,0.1435,0.782,4.85,0.48765625,0.45125000000000004
11,0.011785944487219556,1,1,3,0.4871,0.011,0.5019,5.025,0.83515625,0.625692471590909
12,0.03345131659968723,5,2,4,0.8149,0.099,0.08610000000000011,1.0,0.7616149902343751,0.5969787597656249
11,0.03445216705437508,2,1,10,0.4005,0.0967,0.5028,1.975,1.0,0.6327922077922078
11,0.014045297685629886,5,2,6,0.1447,0.4943,0.361,1.0,0.7296120383522726,0.46164876302083335
12,0.02865595224125843,2,0,7,0.1661,0.7776,0.05630000000000001,1.175,0.755230712890625,0.5838216145833334
11,0.03756741508919832,5,1,10,0.7934,0.075,0.1316,1.0,0.6342018821022728,0.35435482140743374
12,0.01194320983458764,3,0,7,0.5943,0.113,0.2927,1.0,0.93953857421875,0.5280302402429412
11,0.014230139925195381,2,1,9,0.3859,0.167,0.4471,2.025,0.6917036576704546,0.5439453125
11,0.030472223224529457,3,1,8,0.0442,0.4142,0.5416,1.575,0.9868430397727274,0.7172141335227273
11,0.04489776127638626,4,1,2,0.909,0.0451,0.0459,1.0,1.0,0.6631818181818183
10,0.036264170472353,5,1,4,0.4348,0.0091,0.5561,1.0,1.0,0.7925
11,0.022462935899403985,3,1,10,0.6578,0.3278,0.0144,1.4,0.878125,0.5431818181818182
11,0.04244138938934255,1,1,9,0.5001,0.2063,0.2936,5.075,0.8670454545454543,0.4734374999999999
11,0.0377018661179112,3,0,0,0.8893,0.0297,0.08100000000000011,1.0,0.839224520596591,0.4536278489798553
10,0.016620980545661596,2,2,10,0.3482,0.1087,0.5431,1.125,0.8126171875000001,0.4314902343749999
10,0.014245779528825945,4,2,8,0.5327,0.3158,0.1515,1.0,0.832041015625,0.46098571777343744
11,0.017639468897662762,4,1,5,0.0362,0.8613,0.1025,1.025,0.9913995916193181,0.5672829367897727
11,0.019833904401116112,4,2,9,0.3263,0.0013,0.6724,1.025,0.7286376953125,0.4847341298024892
11,0.03162880722285824,1,1,2,0.8887,0.102,0.0093,6.35,0.5380060369318181,0.5385850941051136
11,0.04868829303784959,5,0,2,0.4445,0.4059,0.1496,1.0,0.9863458806818179,0.49747528734345153
11,0.038760156972278866,5,2,2,0.4246,0.4559,0.11950000000000001,1.275,0.9362748579545457,0.4505344460227274
10,0.03790434468902414,2,1,6,0.2485,0.5588,0.19270000000000012,2.275,1.0,0.595
11,0.017155256007293385,2,1,10,0.3498,0.1548,0.4954,1.225,0.8248579545454545,0.6598011363636365
12,0.010309621740208491,3,1,2,0.9814,0.0034,0.0152,1.475,1.0,0.5770833333333334
12,0.029618417460709645,4,2,10,0.2115,0.6629,0.12560000000000002,1.0,0.9869873046875,0.5840372721354168
11,0.012857614980934205,4,1,6,0.3644,0.3177,0.3179,1.0,0.5051824396306819,0.6136452414772728
12,0.025477536597295264,5,2,6,0.0763,0.537,0.3867,1.0,0.9932657877604166,0.5495833333333333
11,0.04031285972710675,3,0,8,0.9728,0.0032,0.024,1.225,0.7632146661931818,0.5265650365259742
11,0.0342877942106605,3,0,1,0.5262,0.2486,0.2252,1.275,0.936239346590909,0.5984389796401517
11,0.04134633577441485,2,1,1,0.6688,0.0827,0.2485,4.35,0.801953125,0.39968927556818185
10,0.03771140320097668,4,2,7,0.9342,0.0334,0.03239999999999999,1.0,0.7626953125,0.5969351806640625
10,0.045487712686193386,4,2,7,0.3332,0.4212,0.24559999999999998,1.0,0.765390625,0.527421875
12,0.029207911864621287,2,0,1,0.352,0.581,0.067,3.475,0.7701639811197916,0.44474232991536455
10,0.03737655630670298,3,1,3,0.6306,0.1781,0.1913,1.0,0.7079492187499999,0.604811279296875
11,0.04505017018868276,2,2,6,0.9917,0.006,0.0023,2.475,1.0,0.5440909090909091
11,0.047500650322904195,2,1,0,0.5243,0.034,0.4417,1.9,1.0,0.631439393939394
11,0.023432335352673334,2,1,6,0.667,0.2238,0.1092,2.25,0.6450639204545455,0.4408935546875
12,0.039513986148275414,1,1,4,0.9297,0.0083,0.062,5.95,0.75859375,0.4740885416666666
11,0.045841692526207234,3,1,5,0.1769,0.3751,0.448,1.0,0.6854447798295454,0.3861616020698052
12,0.028817889414769433,3,2,6,0.13,0.3839,0.4861,1.65,0.9947957356770833,0.829023670014881
10,0.027675386817328812,4,1,7,0.8113,0.0065,0.1822,1.0,0.777578125,0.279443359375
12,0.04364582985390877,4,1,2,0.1552,0.1923,0.6525,1.0,1.0,0.5
11,0.021034742228376303,4,2,1,0.6233,0.057,0.3197,1.0,0.7240434126420454,0.4704030539772727
11,0.04836481438903105,4,0,6,0.0884,0.0666,0.845,1.1,1.0,0.5099431818181819
10,0.010397965207295969,4,1,3,0.4954,0.0155,0.4891,1.025,0.6200927734375,0.275218505859375
11,0.016056996667799583,3,0,9,0.6329,0.1798,0.1873,1.05,0.873623934659091,0.5219875266335227
11,0.047618686208018755,2,1,4,0.5342,0.4464,0.0194,1.325,0.5827414772727273,0.6134499289772728
12,0.02006413765212475,5,0,6,0.9318,0.0486,0.01960000000000011,1.0,0.49168497721354176,0.5473162677471454
11,0.025482156315585217,1,1,6,0.5501,0.287,0.16290000000000002,6.475,0.6676136363636364,0.49886363636363634
12,0.03633563586644455,4,1,6,0.7988,0.056,0.1452,1.0,0.7483154296875001,0.4138206481933594
12,0.048260436460239906,1,2,5,0.2844,0.265,0.4506,3.45,0.9033854166666668,0.5020751953125
11,0.04409679539301198,2,1,6,0.5861,0.2285,0.1854,3.675,0.8670454545454547,0.38210227272727276
12,0.029520922768180836,2,1,3,0.9493,0.0415,0.0092,2.1,0.8751057942708332,0.5181241353352865
12,0.043438385753989284,5,2,5,0.8732,0.1025,0.02429999999999999,1.0,0.8795135498046875,0.5730977376302084
10,0.04953573820786265,5,2,1,0.3315,0.0287,0.6398,1.0,0.98798828125,0.5108333333333333
11,0.030100604402708744,2,0,1,0.9915,0.0082,0.0003,1.6,0.6492653586647729,0.5107680812026514
11,0.018682041340272272,5,1,5,0.65,0.2425,0.1075,1.0,0.9939319957386363,0.45361993963068176
12,0.04344192350345788,4,1,5,0.2213,0.6431,0.1356,1.0,0.99825439453125,0.5829538981119791
11,0.028553171611886786,1,1,3,0.6958,0.1214,0.1828000000000001,6.75,0.7295454545454546,0.5011363636363635
12,0.014703065461724962,5,1,6,0.4816,0.3158,0.2026,1.0,0.5847554524739582,0.4621057950533354
11,0.024563212686137148,1,1,8,0.7159,0.0049,0.2792,6.8,0.4630681818181818,0.43304924242424236
11,0.02409771983631492,2,0,2,0.0995,0.3109,0.5896,1.575,0.623388671875,0.4645429074506223
12,0.044498146315058294,2,0,1,0.3417,0.5481,0.1102,3.325,0.7546793619791665,0.5155802408854168
12,0.04697165986873178,4,1,8,0.4972,0.3366,0.1662,1.0,0.7449625651041668,0.5562027931213379
11,0.048173269576362775,3,2,8,0.5336,0.2741,0.1923,1.025,0.9680464311079543,0.6317538174715909
12,0.03295920734938123,4,1,1,0.0415,0.2227,0.7358,1.0,0.989849853515625,0.7355611801147461
12,0.011320020134359449,3,0,5,0.5744,0.1431,0.2825,1.025,0.5670694986979166,0.5560114881727432
10,0.01647164908011752,3,1,1,0.6944,0.1687,0.1369,1.0,1.0,0.6612499999999999
11,0.04652997703038912,3,2,1,0.5225,0.3909,0.0866,1.025,0.845108309659091,0.469725156841856
10,0.03893969604918051,5,1,7,0.774,0.2041,0.0219,1.0,0.6118408203125,0.639598876953125
11,0.030342840555290816,2,1,5,0.6566,0.0653,0.2781,1.5,0.8262606534090908,0.4660487689393939
11,0.032294307649775776,2,0,8,0.8071,0.0657,0.1272,2.075,0.6993030894886363,0.6430655184659092
11,0.03869437524043153,4,2,0,0.0085,0.2151,0.7764,1.0,1.0,0.3772727272727273
10,0.04945789365280609,2,1,7,0.144,0.1238,0.7322,1.125,0.8213769531249999,0.6739732142857143
11,0.04224764825012986,3,1,8,0.7719,0.2129,0.0152,1.55,0.8587357954545457,0.5375277432528408
11,0.0136697362346046,1,0,7,0.4045,0.5921,0.003400000000000111,4.425,0.5593483664772727,0.4526899857954545
11,0.02165666392545995,2,0,2,0.7887,0.135,0.0763,6.0,0.9501420454545453,0.49837713068181816
11,0.02697104986037932,2,1,9,0.5324,0.014,0.4536,1.075,0.8813698508522727,0.5786167337436868
11,0.017833003490927236,2,1,5,0.0369,0.3513,0.6118,4.8,1.0,0.5409090909090908
11,0.027950542389995864,3,1,1,0.1058,0.351,0.5432,1.325,0.8409357244318183,0.48368474786931814
12,0.034473405993067426,4,1,4,0.4831,0.4934,0.02350000000000011,1.0,0.6092000325520832,0.5320985788012308
10,0.010054784589442483,2,0,5,0.006,0.0342,0.9598,2.025,0.85869140625,0.45548339843749996
12,0.037920147764807996,3,1,7,0.0273,0.3461,0.6266,1.8,0.9493265787760417,0.5671259562174479
10,0.03578484399551877,3,1,2,0.3244,0.5313,0.1443,2.225,0.77765625,0.5449877929687499
11,0.03482022310986991,2,1,6,0.601,0.2035,0.1955,1.075,0.8947443181818183,0.5674853112086776
11,0.044019837083322765,2,0,5,0.9392,0.0299,0.0309,3.025,0.6454545454545456,0.4627633759469697
10,0.02501949526583571,1,1,6,0.7204,0.0272,0.2524,8.525,0.805,0.5
11,0.017081422313698327,2,2,1,0.0072,0.6252,0.3676,6.15,0.9891335227272726,0.35043323863636366
11,0.02443184731491623,5,2,6,0.6472,0.0663,0.2865,1.0,0.6349831321022728,0.45708229758522734
12,0.023012445649784382,2,1,2,0.2464,0.6993,0.0543,3.775,0.8416666666666668,0.5291666666666666
11,0.03276488893104245,5,2,6,0.047,0.4191,0.5339,1.0,0.9927490234375,0.5444313742897726
11,0.02565517741661233,5,0,7,0.3294,0.5342,0.13640000000000002,1.0,0.858797940340909,0.4172013874797077
11,0.014778889119453008,3,0,6,0.0029,0.8082,0.1889,1.025,0.9788330078124998,0.5424899014559659
11,0.025747545179491862,3,1,6,0.925,0.0556,0.0194,3.0,0.8448863636363637,0.5842329545454545
12,0.04465164058526632,5,0,2,0.3301,0.6002,0.06970000000000011,1.0,0.5527791341145833,0.4704929210521557
11,0.01415369393118973,2,0,8,0.7309,0.0188,0.2503,1.025,0.890804776278409,0.6383162857650163
11,0.024699635036295953,1,2,5,0.5093,0.4653,0.02540000000000011,5.125,0.5125,0.4522727272727273
11,0.027007891527090128,3,1,10,0.1861,0.6363,0.1776,1.0,0.9248845880681819,0.4757587224786931
11,0.03069892825097515,1,0,8,0.7411,0.1381,0.1208,3.875,0.2954545454545455,0.41642844460227274
11,0.04421297219767287,4,1,9,0.7183,0.1168,0.1649,1.0,0.9574995561079547,0.4836936257102272
11,0.02366076857699906,4,2,5,0.2238,0.5228,0.2534,1.0,1.0,0.5651515151515151
11,0.015286800938535162,3,1,0,0.5305,0.4328,0.0367,1.575,0.9986083984375,0.5791608220880682
11,0.03433094744812778,3,0,1,0.5366,0.2763,0.1871,1.4,0.7441983309659091,0.3457526929450757
11,0.024971839322649084,2,0,4,0.7368,0.1562,0.10700000000000001,2.875,0.6617143110795455,0.4898097182765152
12,0.01254363908150988,5,2,3,0.7817,0.1456,0.0727,1.0,0.7730712890624999,0.6116773817274307
12,0.01945629103133771,5,2,2,0.8721,0.1201,0.0078,1.0,0.88876953125,0.5741377766927082
10,0.02990218802293835,2,1,8,0.0245,0.6111,0.3644,1.2,0.9074511718749999,0.4714887346540177
12,0.013819919522438094,2,1,6,0.2621,0.4776,0.2603,6.925,0.6927734375000001,0.4262939453125
12,0.012826072641050588,1,2,7,0.719,0.2506,0.0304,5.325,0.873046875,0.7695963541666668
11,0.023993303710073806,2,1,6,0.4098,0.3226,0.2676,5.125,0.7292436079545456,0.5434836647727272
12,0.017197004582586977,2,0,3,0.525,0.3846,0.0904,1.0,0.9113016764322914,0.5377548217773438
10,0.021450752036898574,5,0,1,0.4186,0.2118,0.3696,1.0,0.621923828125,0.517332763671875
12,0.016591833715750733,3,2,8,0.761,0.0783,0.1607,1.175,1.0,0.6645833333333332
12,0.04342520353083049,3,0,2,0.2778,0.3368,0.3854,1.1,0.8165486653645834,0.43823321307146995
12,0.011818536528261377,2,1,3,0.307,0.346,0.347,4.275,0.7430786132812501,0.4271708170572917
10,0.03629241862412799,3,2,7,0.6675,0.2157,0.1168,1.025,1.0,0.7975
10,0.031187064884999623,3,1,8,0.1817,0.0421,0.7762,1.025,0.5385888671875,0.439251708984375
11,0.020784817643797013,5,1,8,0.4336,0.3363,0.2301,1.0,0.7755104758522728,0.5882419778843119
10,0.025006804778401247,3,2,3,0.205,0.6699,0.1251,2.75,0.750625,0.5269012451171874
12,0.019620893139128338,1,0,9,0.9088,0.0035,0.08769999999999999,4.625,0.9631510416666667,0.7361328125
11,0.04885292232280417,3,0,5,0.4448,0.5529,0.002300000000000111,1.25,0.9654452237215908,0.5111953272964016
12,0.041058618076092325,4,0,9,0.5054,0.3646,0.13000000000000012,1.0,0.39278157552083337,0.3589751688639324
11,0.04404100876329239,4,1,2,0.0516,0.1394,0.809,1.0,0.9943004261363637,0.5350349195075758
10,0.036120820763396046,2,2,4,0.345,0.4234,0.2316,1.975,0.603203125,0.5837792968750003
10,0.049618293840862006,5,1,6,0.3451,0.3472,0.3077,1.0,0.6302685546875001,0.44146484374999995
10,0.021482598952304456,5,1,8,0.0066,0.6893,0.3040999999999998,1.0,0.9995312500000001,0.5824698172433035
11,0.014510937028384832,2,0,3,0.2287,0.7518,0.01950000000000001,2.425,1.0,0.7215909090909092
11,0.023700479101368424,4,0,6,0.0422,0.2035,0.7543,1.0,0.5698774857954546,0.5419488470513861
12,0.015520981385793414,4,1,8,0.2693,0.5902,0.1405,1.025,0.7580627441406251,0.45120224725632435
12,0.04101708770989126,4,2,8,0.5804,0.1935,0.2261,1.0,1.0,0.58125
10,0.012396202626506859,3,0,8,0.9724,0.0136,0.014,1.15,0.6715087890625,0.5706725463867188
10,0.03275251148680284,4,1,8,0.7354,0.1091,0.1555,1.0,0.7572802734375,0.5784301757812499
11,0.04480083284817054,2,2,8,0.6947,0.0995,0.2058,2.0,0.7406605113636364,0.6894531250000001
11,0.02075855442367935,4,0,3,0.705,0.0125,0.28250000000000003,1.0,0.8972966974431819,0.3759925255408654
11,0.028937890800183393,3,2,6,0.6285,0.3106,0.060900000000000114,1.075,0.8189186789772727,0.4143798828125
11,0.02474589598580651,3,1,8,0.6766,0.0453,0.2781,1.025,0.8542347301136364,0.7272727272727273
11,0.04977988483995888,1,1,3,0.7571,0.0661,0.17679999999999998,8.25,0.8271129261363637,0.4806640625
10,0.018565721824828265,4,1,2,0.4848,0.4315,0.0837,1.0,0.771171875,0.38552490234375
12,0.045710290540901144,3,0,3,0.6529,0.2706,0.0765,2.475,0.5412150065104167,0.5420384724934897
10,0.04939620368079756,5,1,9,0.0157,0.7535,0.2308,1.0,0.807509765625,0.3966306152343751
12,0.041819124449286434,4,0,2,0.9082,0.0571,0.03470000000000001,1.0,0.8035552978515625,0.5159225124782986
10,0.048621935355595586,4,0,6,0.876,0.0519,0.0721,1.0,0.5549658203125001,0.44097852099072804
10,0.02316154110699935,4,0,7,0.1964,0.4922,0.3114,1.0,0.44437499999999996,0.42845511300223216
11,0.044562562188595785,4,1,3,0.049,0.6854,0.2656,1.0,0.7760830965909091,0.47657211766098495
10,0.018885939505454294,2,2,10,0.4761,0.5218,0.0021,6.7,0.8030957031250001,0.4025
11,0.013609671817539679,4,1,5,0.0093,0.4046,0.5861000000000001,1.0,0.999422940340909,0.5768148656834894
10,0.01443349694542167,3,1,8,0.891,0.0994,0.0096,1.0,1.0,0.5925
12,0.041542177536187344,4,1,1,0.2027,0.3464,0.4509,1.0,0.6581583658854167,0.5425587972005207
10,0.014443670672063754,3,2,0,0.1369,0.4839,0.3792,1.05,0.9852343749999999,0.3251627604166667
12,0.04455899268968112,4,0,4,0.2906,0.4621,0.2473,1.0,0.6939666748046875,0.31083257039388024
11,0.01610200890977824,5,2,1,0.7558,0.1166,0.12760000000000002,1.0,0.6708140980113637,0.545782803622159
10,0.014642747911083418,5,2,3,0.9646,0.0222,0.01319999999999999,1.0,0.6778906250000001,0.6197705078124999
11,0.01862275139589168,3,0,0,0.4599,0.4786,0.06149999999999999,1.1,0.42887517755681814,0.5036310985834911
11,0.04912312739365809,3,0,9,0.458,0.3147,0.2273,1.0,0.5791881214488637,0.6174937855113637
11,0.01599162362143741,5,0,3,0.3729,0.3509,0.2762,1.0,0.5103493430397726,0.47565541482533674
12,0.030191239343777675,5,0,9,0.4916,0.091,0.4174,1.0,0.4652770996093749,0.5696353972463898
11,0.018197659770390374,2,2,4,0.4227,0.2191,0.3582,4.725,0.8338068181818183,0.5319957386363636
12,0.036630320461216684,3,2,2,0.9498,0.0206,0.029600000000000112,1.05,0.6515462239583334,0.6837860107421875
11,0.033243533536668125,4,1,6,0.4666,0.104,0.4294,1.075,0.659130859375,0.5808857619160352
10,0.02252493184608548,4,2,9,0.2542,0.6141,0.1317,1.0,0.8041406249999999,0.5811222330729167
10,0.013723157067258055,3,2,1,0.5709,0.3692,0.05990000000000011,1.7,0.7423730468749999,0.6474355468749999
11,0.04552267007657897,3,0,7,0.189,0.3817,0.4293,1.0,0.9134410511363636,0.5956914728338069
11,0.03254814272020766,4,1,4,0.6088,0.3154,0.0758,1.0,0.8960427024147727,0.5104798473011363
12,0.03746940934551885,3,1,6,0.0718,0.0617,0.8665,1.025,0.6990804036458333,0.8487101236979167
12,0.033952561950323895,3,1,1,0.8952,0.0072,0.0976,1.025,0.7706787109375001,0.5726016574435764
12,0.028240487871637895,4,1,4,0.9052,0.0354,0.0594,1.1,0.901934814453125,0.6096990240187872
10,0.031093994224984135,1,0,6,0.0818,0.828,0.0902,4.225,0.94015625,0.48838378906250013
12,0.015084213769300282,5,1,8,0.9988,0.0006,0.0006,1.0,0.8222218831380209,0.696333719889323
11,0.01730327463810196,2,1,9,0.306,0.099,0.595,1.55,0.7927556818181818,0.5128284801136365
12,0.035916585206576944,3,2,6,0.0251,0.8285,0.1464,1.875,0.9970865885416667,0.5748128255208333
12,0.027814420266276327,4,2,9,0.2697,0.7174,0.0129,1.0,0.8235738118489584,0.556903839111328
10,0.02627222586631907,2,1,2,0.8126,0.0039,0.1835,1.725,0.93296875,0.502453125
11,0.017793097815031255,3,1,5,0.0052,0.7928,0.2020000000000001,1.175,0.996590909090909,0.4545454545454545
11,0.045996083642982466,2,0,7,0.8364,0.0721,0.09149999999999987,1.95,0.9723188920454546,0.45479625355113634
10,0.03434846998733304,2,2,4,0.75,0.0157,0.23429999999999998,4.525,0.5168554687499999,0.46019287109375
12,0.04277193179939168,3,1,4,0.8541,0.0141,0.1318,1.025,0.8225382486979166,0.49880514705882356
12,0.02761413422844823,4,1,10,0.9633,0.0246,0.012100000000000012,1.0,0.5221720377604165,0.4818595886230469
11,0.012062411368631138,4,1,7,0.1364,0.1044,0.7592,1.0,0.914208984375,0.6284745649857955
12,0.024672079098297803,4,2,7,0.1345,0.3395,0.526,1.0,0.7565195719401043,0.602230707804362
10,0.014080116100984884,3,2,3,0.2795,0.0227,0.6978,1.0,1.0,0.5900000000000001
10,0.03836529088817735,4,2,3,0.2868,0.6286,0.0846,1.25,0.9825488281249999,0.40523437500000004
10,0.030747026388606033,1,2,10,0.3237,0.2511,0.4252,8.5,0.805,0.495
11,0.013109919623057539,3,1,1,0.3768,0.3259,0.2972999999999999,1.075,0.6435879794034091,0.5726533647017045
12,0.022007508473222567,3,1,6,0.3758,0.1126,0.5115999999999998,2.475,0.5522745768229166,0.29006944444444444
12,0.022060491686052883,3,2,10,0.3548,0.3167,0.3285,1.0,1.0,0.6604166666666667
11,0.029099945629011977,4,0,3,0.3288,0.1102,0.561,1.025,0.5014271129261363,0.42296738133285994
11,0.03332019759954238,1,0,7,0.7783,0.1436,0.0781,8.55,0.7255681818181818,0.5670454545454546
11,0.02963939801275703,2,1,7,0.5019,0.1412,0.3569,1.075,0.6953546697443181,0.5642805619673295
11,0.037537801414687835,4,1,1,0.7325,0.2329,0.0346,1.0,0.5535089666193181,0.4817157167376894
11,0.029478527923577025,1,1,2,0.9176,0.0593,0.0231,6.125,0.8010209517045455,0.5342462713068181
11,0.011493042092286939,3,1,3,0.2899,0.4043,0.3058,1.0,0.6620427911931818,0.38035333806818183
12,0.02838918510081999,2,1,8,0.8284,0.0923,0.0793,1.15,1.0,0.4979166666666667
11,0.03709827085472105,3,1,6,0.3143,0.5903,0.09540000000000001,1.0,0.874396306818182,0.4918440385298296
11,0.013746552674234346,3,1,1,0.9571,0.0234,0.0195000000000001,1.05,0.6627663352272728,0.4900634765625
10,0.012421307023470503,3,1,5,0.5808,0.2143,0.2049000000000001,1.0,1.0,0.6
11,0.027432634006639804,1,1,3,0.7004,0.0758,0.2238,7.7,0.6399147727272728,0.5010298295454545
10,0.02462145446251233,3,0,3,0.1564,0.7863,0.0573,1.525,0.6514697265625001,0.5477137044270833
10,0.030642322709291687,3,0,9,0.5248,0.0152,0.45999999999999996,1.025,0.6370410156250002,0.5229178292410716
11,0.047854751645824804,4,1,6,0.2132,0.212,0.5748,1.0,0.621768465909091,0.5447553415009468
10,0.04209082155068604,3,1,6,0.4395,0.3382,0.2223,1.175,0.527734375,0.5268896484375001
11,0.04088310284125333,1,0,6,0.2986,0.2262,0.4752,7.95,0.6193181818181817,0.5004261363636363
10,0.04509478528786058,4,0,9,0.4635,0.2451,0.2914,1.0,0.43499511718749984,0.4824947684151786
12,0.04096294709484001,1,1,4,0.8089,0.0663,0.12480000000000001,5.625,0.7458333333333333,0.4760416666666667
11,0.037248620461210906,2,1,1,0.397,0.4708,0.1322,2.6,0.7806995738636364,0.4767300692471591
10,0.015425941480770745,4,1,3,0.1201,0.012,0.8679,1.0,1.0,0.5974999999999999
12,0.03080201205113537,1,1,9,0.6613,0.1596,0.1791,5.075,0.5718098958333334,0.5470703125
10,0.03386812757560279,2,0,2,0.1161,0.8519,0.03199999999999999,2.85,0.783466796875,0.4180908203125
11,0.03799327046687109,2,1,2,0.3799,0.5485,0.0716,3.475,0.7669833096590908,0.47882901278409096
11,0.026821368376878207,4,0,6,0.9775,0.0105,0.01199999999999999,1.0,0.742569247159091,0.42273323008332164
12,0.04222676196837094,4,1,7,0.9314,0.0232,0.0454,1.0,0.8513987223307289,0.6055108388264973
11,0.03768224006489954,3,0,4,0.5081,0.0774,0.4145,1.025,0.6516668146306819,0.6209558528223079
10,0.04248657542327644,2,1,5,0.448,0.0719,0.48009999999999997,2.575,0.72578125,0.43373046875
11,0.043865417693964855,2,2,7,0.6783,0.1295,0.1922,1.125,0.7050071022727273,0.38868241743607956
11,0.014983870557269824,4,2,3,0.9656,0.0226,0.011800000000000012,1.0,0.7800426136363636,0.4098732159767316
11,0.038724754769004194,4,2,4,0.2876,0.0264,0.686,1.0,0.9507479580965909,0.5485068581321022
12,0.04339842390641492,1,2,8,0.5141,0.0578,0.4281,5.475,0.7137207031249999,0.684375
11,0.03021236814602629,4,1,9,0.8464,0.065,0.0886,1.0,0.7827703302556819,0.6157314019801814
12,0.017334343431699175,4,2,1,0.6409,0.1178,0.2413,1.0,0.7477203369140624,0.43718299865722654
11,0.04848443778225078,3,2,3,0.9704,0.0201,0.00949999999999999,1.0,0.6617276278409092,0.6062417879971591
12,0.017553075437200798,4,0,2,0.8144,0.0681,0.1175,1.025,0.53365478515625,0.4487092025925644
10,0.01426133560307669,3,1,2,0.9751,0.0114,0.013500000000000111,1.025,0.5643896484375001,0.45386230468749994
11,0.028527192542212747,5,1,7,0.1864,0.6905,0.1231,1.0,0.5984530362215909,0.42148026899857954
11,0.04078705883726252,1,2,1,0.4687,0.3372,0.1941,5.1,0.6759943181818182,0.5076598011363636
12,0.03602985032570201,4,1,7,0.3984,0.5369,0.0647,1.025,0.9673014322916668,0.7350818210177952
11,0.045882650747755355,4,1,5,0.0879,0.1493,0.7628,1.0,0.8410777698863636,0.5552867542613636
11,0.03858118290670275,5,1,3,0.9141,0.0551,0.03080000000000001,1.0,0.9776544744318183,0.47654024991122157
10,0.021041946430467764,5,0,6,0.3257,0.6009,0.0734,1.0,0.6165820312499999,0.5316876798930921
11,0.010892203119179834,1,0,3,0.7774,0.1029,0.11970000000000001,5.475,0.983806818181818,0.48068181818181815
11,0.04458863860107318,2,0,7,0.4563,0.1417,0.402,1.575,0.883944424715909,0.5302796389329881
10,0.02922665751678432,2,1,1,0.8974,0.0189,0.0837,1.05,0.929541015625,0.48715026855468757
11,0.03547596428636413,3,1,9,0.4284,0.3226,0.249,1.0,0.852676669034091,0.4519287109375
11,0.04835520303821432,3,2,0,0.5164,0.2496,0.234,1.025,0.8568181818181818,0.4515151515151515
12,0.024403297994942466,3,2,4,0.3159,0.0571,0.627,1.0,1.0,0.33124999999999993
12,0.03740933195158084,4,0,4,0.7017,0.1734,0.1249,1.0,0.9827738444010414,0.6277666897243923
11,0.03742584674988345,3,1,5,0.0774,0.3897,0.5329,1.025,0.5376797762784091,0.5492129239169034
12,0.028697934379769224,3,0,9,0.454,0.4775,0.0685,2.725,0.6184193929036457,0.37427986340645025
10,0.038956354750880495,4,0,6,0.8388,0.0213,0.1399,1.0,0.510009765625,0.5601666341145835
12,0.02254738927595428,2,2,2,0.4591,0.3137,0.2272,1.95,0.921209716796875,0.5104939778645834
12,0.01194900871037734,2,1,2,0.9332,0.049,0.0178,1.15,0.7514882405598958,0.5796440972222223
10,0.02328796108597187,3,2,7,0.6349,0.1517,0.2134,2.65,0.7928124999999998,0.48421875
12,0.031801738220076224,4,0,7,0.0435,0.8196,0.13690000000000002,1.0,0.7839945475260418,0.4827240624152787
10,0.029763750018217676,2,1,7,0.8659,0.0419,0.0922,1.9,0.7333398437499999,0.5761928013392857
11,0.022909177378127924,4,2,2,0.7982,0.0385,0.1633,1.0,0.7968927556818182,0.5960546875000001
11,0.03558084494811673,5,0,1,0.4625,0.0339,0.5036,1.0,0.7073109019886366,0.5706086763984712
12,0.046751128655391404,3,1,7,0.4904,0.4952,0.01439999999999999,1.85,0.792431640625,0.47134719122023816
11,0.027048876222241294,4,2,6,0.971,0.0099,0.0191,1.0,0.8297940340909091,0.4545854048295454
11,0.027981531975743136,3,1,5,0.4331,0.4071,0.1598,1.0,0.6026744495738636,0.5429425233783144
11,0.03543347350306206,2,1,8,0.14,0.8548,0.0052,3.15,1.0,0.36363636363636365
12,0.03264457857494005,1,0,8,0.3356,0.5827,0.08170000000000001,9.0,0.687890625,0.5024088541666667
12,0.012746825992760284,5,1,4,0.1003,0.7427,0.157,1.025,0.986737060546875,0.502080829326923
11,0.04961180372903241,4,1,7,0.0773,0.6879,0.2348,1.0,0.9304931640625,0.35329922762784094
11,0.03627870271845093,2,1,7,0.1232,0.0385,0.8383,1.775,0.7361683238636363,0.5226316341683883
10,0.01743474387782134,3,0,3,0.5184,0.2698,0.2118,1.0,0.85298828125,0.5918086381392046
12,0.022357938282572085,3,1,1,0.9679,0.0229,0.00919999999999999,1.05,0.9456583658854167,0.5003367106119792
12,0.01499419288338557,3,1,7,0.2726,0.221,0.5064,1.0,1.0,0.578125
11,0.02308980074398035,2,0,3,0.3714,0.5705,0.0581,1.075,0.47837357954545456,0.6838245738636364
11,0.036931984280413624,4,2,9,0.1788,0.5265,0.2947,1.05,0.6480513139204546,0.49322176846590915
11,0.014027441645388413,3,1,1,0.2507,0.0988,0.6505,2.725,0.8116477272727274,0.44197443181818186
10,0.01234039600811938,2,1,0,0.1748,0.1092,0.716,2.925,0.9956201171875,0.49974748883928566
12,0.03622301947768452,3,1,5,0.8648,0.129,0.006199999999999989,1.175,0.607763671875,0.5913048807779948
11,0.04638818367312956,3,1,6,0.4617,0.3566,0.1817,1.275,0.7815252130681818,0.47867431640625
12,0.04280066700919795,4,2,6,0.5121,0.2168,0.2711,1.1,0.8443644205729166,0.4888425827026367
11,0.047233004990275204,4,1,9,0.8057,0.1448,0.0495,1.0,0.5959428267045455,0.4526350541548296
12,0.03590215782774516,5,1,1,0.1735,0.7694,0.05710000000000001,1.0,0.9566243489583336,0.5282700220743815
11,0.02389540587925334,2,1,5,0.673,0.1216,0.2054,2.225,0.8227272727272726,0.488671875
12,0.014797453847905767,4,2,1,0.9244,0.0722,0.0034,1.0,0.6882283528645832,0.5431682332356771
12,0.03303044574552347,4,2,7,0.4234,0.163,0.4136,1.0,0.8472198486328125,0.43126780192057285
11,0.02610307115188782,4,2,8,0.0935,0.0231,0.8834,1.0,0.683487215909091,0.5996271306818182
11,0.02489084629141672,3,1,5,0.3643,0.3564,0.2793,1.525,0.8615056818181817,0.4254275021853148
11,0.01910358234554136,3,2,3,0.8864,0.1046,0.009,1.0,0.8480024857954543,0.20722434303977275
11,0.015718181819184447,1,2,3,0.5288,0.1422,0.329,3.125,0.6581764914772728,0.5365156693892045
12,0.046829106715763257,2,0,6,0.0652,0.018,0.9168000000000001,2.575,0.6401163736979166,0.5326507568359375
11,0.039405647920249684,4,1,5,0.3617,0.1327,0.5056,1.0,0.5977361505681817,0.5728372099905303
10,0.047850203798618006,4,2,8,0.7441,0.0819,0.174,1.075,0.695361328125,0.4537043457031249
12,0.0322442627857346,2,0,1,0.1177,0.258,0.6243,1.55,0.9989969889322918,0.5261662801106771
11,0.026644111001612306,4,0,1,0.1514,0.5804,0.2682,1.0,0.9504106001420454,0.5312714547821971
10,0.04260853946967417,4,0,2,0.1165,0.598,0.2855,1.0,0.72412109375,0.5805079287574404
10,0.027777542298818632,4,2,8,0.9804,0.008,0.0116,1.0,0.6364453125,0.42127441406250005
11,0.013842740747648177,4,1,5,0.3884,0.5862,0.025399999999999777,1.0,0.7306285511363637,0.5988381125710227
10,0.04900569944998759,1,1,1,0.5593,0.0254,0.4153,5.125,0.634375,0.478125
12,0.02339466250247221,1,2,8,0.5392,0.3441,0.1167,6.925,0.7296549479166666,0.4829427083333334
11,0.025744441352717667,3,2,3,0.2441,0.6395,0.11640000000000002,1.025,0.8525035511363637,0.47131656795353083
11,0.03918434067697966,4,0,5,0.346,0.0003,0.6537,1.0,1.0,0.5215151515151513
12,0.021852358149911565,4,1,0,0.6644,0.0911,0.24450000000000002,1.0,0.97587890625,0.4166666666666667
11,0.0468833565772986,4,2,1,0.1754,0.6105,0.2141,1.0,0.918619051846591,0.4715304287997159
11,0.02671174474559001,5,1,8,0.1848,0.2136,0.6016,1.0,0.9698774857954546,0.545852568655303
12,0.02287191136072305,1,0,0,0.1042,0.2652,0.6306,7.125,0.8880208333333334,0.5067220052083334
12,0.034642374837629615,1,0,7,0.1168,0.4582,0.425,7.875,0.6734374999999998,0.4390625
10,0.03131718068798029,3,1,1,0.8189,0.0857,0.0954,1.3,0.758154296875,0.6016666666666667
11,0.04424806121116092,2,1,6,0.1854,0.5292,0.2854,3.5,0.778409090909091,0.4816335227272727
12,0.04614278873665138,4,0,9,0.8336,0.1546,0.0118,1.0,0.5315684000651041,0.4589027659098307
12,0.03751013887878677,5,1,10,0.6712,0.0725,0.2563,1.0,0.6886871337890624,0.34067382812499997
11,0.017397706640094192,2,1,8,0.4594,0.1732,0.3674,1.025,0.7031760475852272,0.6012950550426137
11,0.03306541746059184,2,2,1,0.3582,0.4815,0.1603,4.2,0.5976584694602272,0.4348677201704545
11,0.04107739010413191,4,0,7,0.6009,0.3077,0.09140000000000001,1.025,0.9951526988636363,0.4767696231990666
10,0.01713839737061741,2,2,3,0.8811,0.0758,0.0431,2.15,0.7471093750000002,0.6099511718749999
12,0.01679700846103086,4,0,9,0.2599,0.0333,0.7068,1.05,0.7401428222656251,0.4430244668737634
11,0.014225362707163194,2,1,4,0.9695,0.0037,0.02679999999999999,2.475,0.8448863636363637,0.41006392045454554
11,0.04987784019292099,5,1,1,0.0972,0.8335,0.06930000000000001,1.0,0.9877574573863637,0.6794928810813209
11,0.024326664852366425,3,1,8,0.8443,0.0347,0.121,1.0,0.7888383345170455,0.7800054376775568
11,0.03490657701677137,4,0,1,0.8085,0.1075,0.084,1.0,0.9698841441761363,0.5155412153764203
10,0.018011031932845714,1,0,9,0.0413,0.569,0.3897,6.9,0.9025000000000001,0.478671875
12,0.019948548341164975,2,0,2,0.0591,0.7555,0.1854,2.95,0.722393798828125,0.44375050862630216
12,0.02424662583612489,3,0,6,0.7835,0.1591,0.0574,1.1,0.79449462890625,0.5140254781703756
11,0.012654528317755988,2,1,4,0.6351,0.0237,0.3412,1.1,0.8047163529829545,0.5528115012428977
11,0.0417393454678005,3,2,3,0.8855,0.0817,0.0328,1.0,0.944775390625,0.41794655539772724
11,0.014960945118577745,2,0,2,0.5963,0.1599,0.2438,2.975,0.7860262784090908,0.3815633877840908
12,0.02220792908016029,2,1,5,0.2886,0.2216,0.4898,1.475,0.99111328125,0.5016764322916666
12,0.022668010948551212,1,1,3,0.2273,0.1885,0.5842,7.75,0.6747395833333332,0.4752604166666667
12,0.04048651152465409,4,1,2,0.4754,0.4673,0.0573,1.05,0.651995849609375,0.3916525110021814
10,0.03995082959234506,2,0,9,0.4528,0.0178,0.5294,1.775,1.0,0.5325
11,0.03997650417306773,3,0,7,0.2022,0.5047,0.2931,1.25,1.0,0.4877272727272727
11,0.03199125851001582,5,1,6,0.5739,0.0796,0.3465,1.0,0.8018687855113636,0.5044527128145292
12,0.04350788780637057,2,1,2,0.8022,0.1513,0.0465,1.15,1.0,0.74375
11,0.014556095896520117,1,2,6,0.9675,0.0164,0.0161,7.95,0.8227272727272726,0.521590909090909
11,0.04873040295170318,2,2,6,0.6813,0.0891,0.2296,6.1,0.7925292968750002,0.6561745383522727
11,0.04658961848111336,2,2,3,0.3987,0.499,0.10230000000000002,5.475,0.8738636363636363,0.3982954545454545
12,0.02241215004089673,5,1,10,0.9802,0.0016,0.0182,1.0,0.9310526529947918,0.5717724100748698
11,0.011267486150236624,3,0,1,0.7029,0.1903,0.1068,1.0,0.7177623401988635,0.4139271129261363
12,0.017286343508838186,4,2,2,0.0001,0.449,0.5509,1.025,1.0,0.671875
11,0.0449404446888072,5,2,5,0.2503,0.2432,0.5065,1.0,0.9973166725852274,0.7229059392755681
12,0.03477958198543328,4,1,9,0.0968,0.489,0.4142,1.0,0.8695149739583332,0.42201868693033867
11,0.040453028233294275,2,1,5,0.6891,0.2944,0.0165,4.475,1.0,0.5409090909090908
11,0.039634702350486606,5,2,8,0.2103,0.214,0.5757,1.0,0.8230735085227273,0.20668501420454546
11,0.04229581421188325,1,0,4,0.7216,0.0784,0.2,8.275,0.640909090909091,0.4767045454545455
11,0.03655774305173094,3,0,3,0.3916,0.4131,0.1953,1.0,0.6070623224431818,0.5402972341490188
11,0.046099124038837744,4,0,2,0.5236,0.2086,0.2678,1.0,0.8228138316761363,0.5492159114493486
12,0.019735374422484873,2,2,1,0.2994,0.5318,0.1688,9.525,0.930670166015625,0.5133839925130207
10,0.021913501741399746,2,0,3,0.6585,0.2059,0.1356,2.625,0.8317626953125,0.3672616102430556
11,0.02987546986315675,2,1,4,0.0429,0.7504,0.2067,2.5,0.9901389382102274,0.3665798117897728
10,0.023028986875258443,2,1,7,0.4485,0.4787,0.07279999999999999,2.95,0.64580078125,0.3025
12,0.020316829533859375,3,2,4,0.8493,0.0818,0.0689,1.45,0.9572672526041668,0.2599202473958333
11,0.04927923144350926,2,2,2,0.5197,0.2807,0.1996,2.325,0.797176846590909,0.5643314985795453
10,0.013409119493827813,2,1,3,0.9982,0.0005,0.001300000000000111,1.05,0.98171875,0.4001953125
11,0.04583714183263833,1,1,0,0.4964,0.3029,0.2007,4.225,0.7160866477272728,0.5443181818181818
10,0.016272027086862907,4,1,6,0.1773,0.3282,0.4945,1.025,0.7144482421875,0.7041357421875001
11,0.03203468408088002,2,1,9,0.6491,0.3154,0.0355,1.975,0.7063920454545454,0.5198109019886363
10,0.03513115026442565,1,0,3,0.8408,0.0046,0.1546,6.85,0.805,0.45187499999999997
11,0.035422093612545835,2,0,0,0.0486,0.4264,0.525,2.65,0.6238192471590909,0.6022605202414771
11,0.011462639381260197,3,1,9,0.6981,0.2709,0.031,1.975,0.7756392045454545,0.3189364346590909
11,0.037947354036189734,3,2,2,0.0384,0.4813,0.4803,1.025,0.9905007102272727,0.5398748224431819
12,0.044720690730069554,2,2,9,0.6162,0.02,0.3638,5.2,0.7685872395833332,0.40096679687500003
11,0.04874491129488253,3,0,8,0.3046,0.4325,0.2629,1.0,0.4882856889204545,0.5363380333045858
12,0.024162809873471056,5,0,3,0.4504,0.0735,0.4761,1.0,0.4988250732421875,0.6522809544928426
11,0.04413732524129879,4,0,7,0.7811,0.1328,0.0861,1.0,0.5236083984375002,0.5638305604612672
11,0.032612846978639996,5,2,1,0.7274,0.2176,0.055000000000000014,1.0,1.0,0.4420454545454545
10,0.03095371229332112,2,0,10,0.1479,0.6284,0.2237,3.8,0.9131640624999999,0.5442103794642857
10,0.03736441894154935,4,1,6,0.7009,0.1756,0.1235,1.0,0.5420166015625,0.44341796875000006
10,0.026314291382590227,3,2,10,0.1037,0.1443,0.752,1.0,0.6499902343749999,0.7098535156250001
11,0.04174878319981047,5,2,1,0.783,0.0874,0.1296,1.125,0.765713778409091,0.6124267578125
10,0.02044858770323242,1,0,6,0.7749,0.0013,0.2238,6.05,0.5574999999999999,0.496875
10,0.03360436183976753,3,1,7,0.1588,0.0244,0.8168,1.025,0.92306640625,0.5668725585937501
11,0.010206646632307295,5,1,7,0.6939,0.2879,0.0182,1.0,0.537255859375,0.6746631969105114
11,0.047700861394146296,4,0,9,0.9796,0.012,0.0084,1.0,0.6860684481534092,0.5090242870175353
11,0.03822969021525094,4,0,5,0.2815,0.6578,0.0607,1.0,0.729385653409091,0.48192951152851043
11,0.019799903993462556,1,1,2,0.982,0.0035,0.014500000000000011,5.55,0.54609375,0.5107007575757575
12,0.037347453814315264,2,1,1,0.1495,0.6106,0.2399,3.875,0.7975097656250001,0.6057271321614583
12,0.046514574446118374,2,1,9,0.5813,0.3939,0.0248,1.875,0.99412841796875,0.5
11,0.015172381784880194,5,2,7,0.9213,0.0654,0.0133,1.0,1.0,0.4545454545454545
11,0.03620282337576486,3,2,10,0.1882,0.091,0.7208,2.85,0.8705078125,0.49609375
11,0.04538476920802695,4,1,1,0.7434,0.0734,0.1832,1.0,0.5485484730113634,0.44765446770618106
11,0.038015871870869286,4,2,7,0.2337,0.6245,0.1418,1.0,0.6879549893465908,0.5605776700106535
11,0.02803958081987474,3,0,3,0.0348,0.5114,0.4538,1.0,0.983234197443182,0.6317271839488636
11,0.029785509816610697,1,0,10,0.8998,0.0136,0.0866,5.3,0.8116477272727274,0.4579545454545455
11,0.02903982561593383,2,2,4,0.8603,0.0511,0.0886,3.75,0.6419921875,0.4821044921875
11,0.01096201376373187,5,1,3,0.4728,0.0811,0.4461,1.0,0.9520374644886364,0.5034014615145598
11,0.04625675427308,4,1,8,0.6316,0.1135,0.2549,1.575,0.7642999822443182,0.5426136363636364
11,0.035826639358746214,5,1,9,0.4882,0.5029,0.0089,1.0,0.41305264559659094,0.5319544196851326
11,0.014947582931186285,4,0,5,0.185,0.2634,0.5516,1.0,0.39223854758522725,0.5584098465824541
11,0.01453481868492159,2,0,4,0.3788,0.4663,0.1549,1.075,0.9928577769886363,0.5020926735617899
10,0.03698456649473105,3,0,9,0.5763,0.025,0.3987,1.05,0.7430078124999999,0.7412945556640624
11,0.0436699179923444,2,1,4,0.0334,0.9289,0.03770000000000001,2.525,0.9963933771306819,0.6350669167258522
11,0.027760221474680352,3,1,7,0.7112,0.1932,0.0956,2.15,0.6801313920454546,0.3899506011566559
11,0.044671942421140885,5,1,6,0.9447,0.0236,0.03170000000000011,1.0,0.9412264737215909,0.5121572615358128
12,0.03467697207294161,5,1,8,0.4194,0.105,0.47559999999999997,1.0,0.982305908203125,0.4543438508775499
12,0.049312308763023234,1,0,5,0.0656,0.304,0.6304,9.325,0.7550455729166667,0.494091796875
11,0.028217470647199462,2,2,6,0.1886,0.3336,0.4778,2.45,0.955681818181818,0.7328125
12,0.01379906414163756,4,1,10,0.5982,0.1627,0.23910000000000012,1.0,0.893280029296875,0.4882184709821429
12,0.04979090597927182,4,1,3,0.5878,0.2722,0.14,1.0,0.9710856119791667,0.5783645629882812
11,0.018771767620912996,2,1,3,0.0706,0.6749,0.2545,2.45,0.9813742897727271,0.6255859375
12,0.046371397634039455,2,0,10,0.7852,0.209,0.0058,6.375,0.7478179931640625,0.47140931628999255
11,0.024660868995577193,4,1,8,0.3133,0.2667,0.42,1.0,0.7273415305397728,0.5493267637310607
11,0.034663056277863945,4,2,9,0.5755,0.1681,0.2564,1.0,1.0,0.4352272727272727
11,0.025651866056506163,4,1,1,0.8381,0.105,0.05690000000000011,1.0,1.0,0.7250000000000001
10,0.02122675981545543,2,2,4,0.6276,0.1423,0.2301,2.0,0.5992871093750001,0.4936181640625
10,0.042556163963706,3,0,2,0.7433,0.2525,0.0042,1.075,0.6110888671875,0.496893310546875
12,0.016505869257606384,3,1,5,0.1141,0.8481,0.0378,1.125,1.0,0.5791666666666668
11,0.014761103526350653,3,1,6,0.3513,0.5439,0.1048,1.025,1.0,0.8113636363636363
12,0.020818691506829887,3,1,7,0.3383,0.2422,0.4195,1.05,0.88780517578125,0.5729281107584636
11,0.011054989268881476,3,0,5,0.9925,0.0023,0.0052,1.55,0.953125,0.5333727623805528
11,0.014927358657268262,1,2,7,0.2357,0.3553,0.409,2.8,0.8659623579545457,0.6128373579545455
10,0.010638085172827967,2,2,6,0.3076,0.5823,0.1101,1.2,0.82251953125,0.39224121093750003
11,0.012786527463427145,5,1,3,0.5331,0.4409,0.02599999999999999,1.0,0.8080522017045457,0.4464684688683711
11,0.03891757090142126,4,2,6,0.48,0.0341,0.4859,1.0,0.6935813210227272,0.3991662756189124
10,0.03857241288433869,3,1,10,0.3852,0.0418,0.5730000000000001,1.025,0.53052734375,0.5058843994140625
11,0.03553312965742165,3,2,9,0.0249,0.6962,0.2789,1.675,1.0,0.4881628787878788
11,0.04910868970721679,2,1,7,0.4513,0.326,0.2227,1.775,1.0,0.453409090909091
11,0.040614057048367964,3,1,8,0.4191,0.2368,0.3441,1.025,1.0,0.45227272727272727
12,0.0352944001132156,4,2,7,0.8205,0.0024,0.1771,1.025,1.0,0.6604166666666667
11,0.016919378308865512,1,0,3,0.6001,0.116,0.2839,5.9,0.463778409090909,0.5006290584415585
11,0.03367134010200061,4,1,0,0.2603,0.5359,0.2038,1.0,0.9804643110795453,0.460678193063447
11,0.04976947125677541,4,1,2,0.1455,0.1462,0.7083,1.0,0.666943359375,0.6278058909406565
12,0.046808904060856346,2,1,4,0.6055,0.3358,0.0587,1.0,0.763629150390625,0.5284266153971353
11,0.04020041207892809,5,1,1,0.0823,0.1087,0.809,1.0,0.9951526988636363,0.4128895152698863
11,0.032460345340818895,1,1,3,0.5414,0.4411,0.017500000000000113,4.05,0.9335227272727273,0.6389098011363636
10,0.03853109110186712,2,0,6,0.7151,0.1484,0.1365,1.15,1.0,0.5118750000000001
12,0.04147925743093875,2,1,7,0.2083,0.0311,0.7606,3.6,0.6101318359374999,0.3553569793701172
11,0.036172470016419635,1,0,5,0.7052,0.1644,0.1304,5.125,0.795596590909091,0.4563742897727273
12,0.04829567370255012,1,2,6,0.1624,0.3462,0.4914,7.025,0.7701822916666667,0.5881944444444445
12,0.03912729664592872,1,0,0,0.0454,0.2026,0.752,3.725,0.987890625,0.5820312500000001
10,0.01921432011158066,4,1,2,0.2039,0.133,0.6631,1.075,0.5871826171875,0.6978352494673296
11,0.027598375967989044,3,1,2,0.8345,0.1384,0.0271,1.35,0.8977494673295455,0.43867732276601235
10,0.04763531125771937,5,2,8,0.241,0.2896,0.4694,1.0,0.9021191406250001,0.4112353515625
11,0.03725479494686833,1,0,5,0.6179,0.1162,0.2659,5.75,0.7248579545454544,0.49460227272727264
12,0.040646843947716865,3,1,2,0.2853,0.2678,0.4469,1.025,0.825677490234375,0.3323335435655382
10,0.037070480993181935,3,1,3,0.6127,0.0708,0.3165,1.0,0.5991455078125,0.5135461425781249
11,0.04892042796598102,3,1,6,0.7991,0.0688,0.1321,1.025,0.9503151633522726,0.5233760949337121
11,0.03169043971057398,3,0,1,0.1895,0.2224,0.5881,1.025,0.8235928622159092,0.4839114498782468
11,0.03043409642009374,2,0,2,0.4837,0.3012,0.2151,1.7,0.961434659090909,0.5213719223484848
11,0.020683594801106226,5,1,10,0.7574,0.101,0.1416,1.0,0.7758988813920454,0.4325594815340909
11,0.028359815324755747,3,2,4,0.3519,0.4162,0.2319,1.0,0.7408092151988636,0.4351765950520832
12,0.031124575312713156,5,1,1,0.4223,0.4285,0.1492,1.0,0.9870625813802082,0.6187281290690103
11,0.020833291565670202,2,2,2,0.2126,0.6693,0.1181,1.075,0.6268132990056821,0.5199664861505682
11,0.017478803278529353,4,1,3,0.3588,0.3267,0.3145,1.025,0.9547318892045453,0.6332430752840909
10,0.03424492472912793,2,0,7,0.4588,0.1844,0.3568,1.625,0.6308447265624999,0.4731640625
10,0.010148007514659337,1,0,9,0.0722,0.7984,0.1294,4.2,0.5993359374999999,0.54837890625
12,0.031833175506827995,5,1,4,0.1825,0.6956,0.12190000000000001,1.0,0.961688232421875,0.4705182562934027
11,0.0126886777119004,1,2,2,0.8581,0.1092,0.032700000000000014,8.075,0.7272727272727273,0.5204545454545454
11,0.040774016744177466,3,1,6,0.6069,0.0709,0.3222,1.025,0.6635142933238636,0.6814475319602271
12,0.018484199875366418,4,1,0,0.3726,0.6025,0.0249,1.0,0.8784423828125,0.4319878472222222
11,0.04493099776029952,4,1,1,0.2497,0.692,0.0583,1.1,0.7465287642045453,0.5285573394704255
11,0.012091394131933905,4,1,2,0.6311,0.093,0.27590000000000003,1.0,1.0,0.8113636363636363
12,0.030031991251567282,4,1,5,0.4187,0.1528,0.4285,1.0,0.9306772867838541,0.4191518147786459
10,0.03405802347055408,2,1,7,0.8712,0.0912,0.03760000000000011,1.15,1.0,0.4
11,0.018390205317107444,3,0,8,0.8614,0.028,0.11059999999999988,2.0,0.966852361505682,0.5194106064833605
12,0.0192906806165249,2,1,6,0.7141,0.1705,0.1154,2.275,0.7114990234375,0.518756103515625
10,0.028901984749157762,5,1,9,0.7562,0.2233,0.0205,1.0,0.621044921875,0.5786662946428572
11,0.018090574937908815,5,2,5,0.0303,0.1871,0.7826,1.0,1.0,0.6494318181818182
12,0.02510518093659913,3,1,4,0.4315,0.1388,0.4297,1.375,0.7008005777994791,0.5776945326063369
10,0.02344186665663845,3,0,9,0.9312,0.0448,0.024,2.575,0.5496386718749999,0.45051432291666665
12,0.04298889048329484,4,2,2,0.6485,0.2769,0.0746,1.0,0.92833251953125,0.6744414944118924
12,0.01582972992193878,3,2,5,0.8597,0.105,0.0353,1.025,0.9609456380208332,0.5820638020833334
11,0.041429955569964615,4,1,9,0.3468,0.2252,0.428,1.0,0.998095703125,0.5772438742897726
11,0.045175273164696016,4,0,1,0.961,0.0308,0.0082,1.15,0.41392267400568183,0.5284750088778408
10,0.03414233630202281,4,1,5,0.5969,0.1508,0.2523,1.025,0.98095703125,0.4423842075892857
11,0.03441906198274168,4,1,2,0.4171,0.3704,0.2124999999999998,1.05,0.6876242897727274,0.424810791015625
12,0.01093851158375736,1,1,1,0.3607,0.44,0.19929999999999998,5.45,0.7518066406250001,0.3973865327380953
12,0.018877422990309246,1,0,8,0.6369,0.0593,0.3038,6.075,0.7266927083333332,0.5690755208333333
11,0.04210137085234744,3,1,7,0.3753,0.5777,0.046999999999999986,1.075,1.0,0.6073863636363637
11,0.010822222738077973,3,2,6,0.8637,0.0862,0.05010000000000001,1.0,0.765771484375,0.456298828125
12,0.047690467264428646,2,2,3,0.0753,0.6059,0.3188,1.125,0.7698974609375001,0.4291945139567058
12,0.013775719819188898,4,0,1,0.4371,0.3933,0.1696,1.0,0.4753499348958334,0.4705888967086686
11,0.012878183144443462,4,2,3,0.8101,0.0383,0.1516,1.9,0.7843550248579545,0.5610110196200284
10,0.014815502179822805,3,1,6,0.4279,0.0697,0.5024,1.9,0.8377734374999999,0.6020507812500001
12,0.023858992840770657,5,1,5,0.6034,0.2377,0.1589,1.0,0.98734130859375,0.4988381618923611
12,0.04220655386998519,4,1,7,0.6731,0.0077,0.3192,1.0,0.8852244059244789,0.4915345764160156
11,0.038617099465972915,3,1,0,0.1798,0.4223,0.39790000000000003,1.0,0.9930064808238637,0.6282492897727272
12,0.021596812317913733,3,2,3,0.5597,0.3976,0.0427,1.05,0.9704305013020834,0.5022060818142361
10,0.020407292380663695,2,2,8,0.6923,0.1718,0.1359,2.775,0.780625,0.33568359375
11,0.037579930465351685,4,2,4,0.3702,0.0075,0.6223,1.05,0.815802556818182,0.54658203125
11,0.01010840216100611,3,0,4,0.0949,0.3171,0.588,1.675,0.5889515269886363,0.5956580699573862
12,0.038295147701948945,3,1,6,0.2095,0.1561,0.6344,1.025,0.9848490397135414,0.6827591959635416
11,0.03503098748321431,1,2,3,0.0931,0.1412,0.7657,1.95,0.9370383522727274,0.4304361979166666
12,0.018728387983663074,3,1,5,0.9555,0.0331,0.0114,1.975,0.887744140625,0.4986480712890625
12,0.0235373115781587,4,1,5,0.83,0.1147,0.05529999999999999,1.025,0.7493428548177082,0.5154923756917318
11,0.02851281166131034,2,0,2,0.0359,0.0747,0.8894,6.575,0.9659201882102273,0.4724093892284588
10,0.044010574487643686,2,1,7,0.6595,0.0192,0.3213,3.6,0.8474609375,0.4533154296874999
12,0.02846380199283529,5,2,3,0.8588,0.0918,0.0494,1.025,0.96868896484375,0.4575449625651042
11,0.03915298536499315,5,2,4,0.4127,0.3317,0.2556,1.0,0.5341042258522728,0.47800145004734845
10,0.0398535347249619,3,1,0,0.6742,0.0527,0.2731,1.0,0.7434960937499999,0.46256103515625
11,0.03454737886349137,3,2,8,0.7054,0.0536,0.241,1.175,0.7198952414772728,0.35341352982954544
10,0.03362074039312529,3,1,1,0.7865,0.1801,0.0334,1.0,0.9959765624999999,0.5981634114583334
12,0.0413201322158582,3,2,0,0.5107,0.0873,0.4019999999999998,1.125,0.9782145182291668,0.4932210286458334
12,0.03436896258034447,4,2,6,0.426,0.2005,0.3735,1.0,1.0,0.7375
12,0.014664267629739687,5,0,5,0.7809,0.1917,0.0274,1.0,0.8681976318359375,0.5311663309733072
12,0.04553757629066416,3,0,8,0.4152,0.0153,0.5695,2.125,0.7288635253906249,0.5049067179361979
10,0.02514605220660389,4,1,10,0.0323,0.3653,0.6023999999999999,1.0,0.7074365234375,0.69661083984375
10,0.019348767185608906,2,2,6,0.4061,0.097,0.4969,1.625,0.6977880859374999,0.47207519531250003
11,0.03976284965137936,3,2,8,0.0643,0.4452,0.4905,1.025,0.9945667613636363,0.4739905894886364
12,0.011254327143451339,5,0,1,0.2849,0.436,0.2791,1.0,0.4660624186197916,0.4711198205658884
11,0.018676264335995448,4,0,0,0.9681,0.0307,0.001200000000000111,1.0,0.9853737571022727,0.5139280641233765
12,0.04125847638866305,4,1,5,0.2164,0.2583,0.5253,1.025,0.7868001302083332,0.49367484440879217
12,0.020320326714082352,4,1,6,0.9664,0.0092,0.0244,1.95,0.8100748697916664,0.5034860116464122
12,0.016865982712874806,2,1,4,0.9452,0.0201,0.0347,7.85,0.8333333333333334,0.7037109375000001
11,0.04649959861683306,2,1,4,0.3629,0.4145,0.2226,1.1,0.9948597301136364,0.5525647448254871
12,0.0188978134114272,2,0,2,0.6936,0.0423,0.2641,2.55,0.751727294921875,0.3824045817057291
10,0.034846438868906454,2,0,7,0.5097,0.1124,0.3778999999999998,2.725,0.6698437499999998,0.42711751302083334
11,0.037035717897629654,3,0,9,0.7034,0.1514,0.1452,1.25,0.5852095170454545,0.4729396010890152
11,0.01932632483989448,2,0,9,0.9042,0.0616,0.03419999999999999,2.9,0.9754172585227273,0.4583118785511363
10,0.031513461863995104,4,1,4,0.8644,0.1333,0.002300000000000111,1.025,0.729970703125,0.47198486328125
11,0.04744141255170906,4,1,9,0.8848,0.0719,0.0433,1.0,0.7565252130681818,0.4763327858664773
10,0.012253512472718591,2,1,5,0.3676,0.4717,0.1607,4.775,0.9040234375,0.40546289062500007
11,0.03595919747762826,3,2,3,0.4858,0.0233,0.4909,1.125,0.6444935191761363,0.34384303237452657
10,0.025337031164943416,1,1,9,0.7347,0.1236,0.1417,5.475,0.923125,0.5603125
12,0.04890037873478857,2,1,9,0.2151,0.0158,0.7691,1.875,0.7924763997395834,0.4973258972167969
10,0.023800520267380814,2,2,8,0.6521,0.0503,0.2976,6.675,0.7075,0.4766964285714286
11,0.04559040023880216,2,0,7,0.6592,0.2582,0.0826,1.2,0.7093505859375002,0.5794885044826664
11,0.020095787815014657,2,2,6,0.7699,0.1968,0.03330000000000001,1.475,0.7579811789772728,0.515691900872565
10,0.04188181723496957,5,1,4,0.0767,0.1457,0.7776,1.0,0.8159326171874998,0.6803385416666666
10,0.026068156130988576,3,1,5,0.4024,0.3284,0.2692,1.0,0.9840039062500001,0.5300561523437499
11,0.018577613888588515,3,1,6,0.9542,0.0393,0.0065,1.0,0.6730668501420454,0.5521251331676137
12,0.04093854588619049,3,1,10,0.5115,0.4075,0.0810000000000001,1.025,0.6741668701171875,0.6015640258789062
11,0.01891846794308629,4,0,8,0.3924,0.0042,0.6034,1.05,0.5967174183238637,0.6394377607541284
12,0.02752327887817354,3,2,7,0.0261,0.4515,0.5224,1.025,0.996826171875,0.65963134765625
11,0.010974780965223356,3,1,6,0.7795,0.1915,0.029,1.025,0.8245738636363636,0.5545718502688718
12,0.04788002343942436,4,2,4,0.9075,0.0649,0.02760000000000011,1.0,0.92716064453125,0.5760828653971354
12,0.03817490479621996,5,2,4,0.0225,0.1425,0.835,1.0,0.98333740234375,0.5805608113606772
12,0.04756945172442516,4,0,7,0.6733,0.0126,0.3141,1.0,0.8637369791666668,0.6182035319010417
12,0.034730685329439244,3,1,5,0.0346,0.9052,0.0602,1.85,0.9931884765625,0.587610066731771
12,0.042820278222409844,4,2,6,0.1989,0.2095,0.5916,1.025,1.0,0.49962121212121213
12,0.02049947390443753,4,1,7,0.1316,0.7174,0.151,1.0,0.9952799479166667,0.5183704517505786
12,0.012937811336656233,5,1,2,0.9125,0.0101,0.07740000000000001,1.0,0.5156341552734376,0.6461667378743489
10,0.03159053447391164,1,1,3,0.5078,0.4203,0.0719,4.65,0.96953125,0.548203125
12,0.025937071521789715,2,0,7,0.767,0.0913,0.1417,3.775,0.6427856445312501,0.4929048612520292
11,0.04580689361574081,2,2,0,0.7179,0.2553,0.0268,4.325,0.8339311079545453,0.5315226765422076
11,0.02738989995531598,1,0,9,0.6229,0.374,0.003100000000000011,7.675,0.8159002130681816,0.48052645596590915
11,0.029058230575136977,5,2,3,0.0388,0.4051,0.5561,1.0,0.9251509232954545,0.6407566879734847
11,0.012719849384448593,4,1,1,0.4077,0.3421,0.2502,1.0,0.8229936079545453,0.5429760742187499
11,0.04995043603191917,3,1,6,0.3495,0.3369,0.3136000000000001,1.0,0.8125133167613636,0.6459161931818181
12,0.04972882889828241,4,1,1,0.0207,0.0585,0.9208,1.0,1.0,0.5041666666666667
10,0.03458715351497928,2,1,1,0.3613,0.5807,0.05800000000000001,2.025,0.7118457031250001,0.44011474609374995
12,0.03901729074548141,1,1,5,0.7515,0.0424,0.2061,5.675,0.8673583984375,0.3034993489583333
11,0.02968203795888913,1,1,8,0.8288,0.1603,0.0109,6.75,0.6420454545454547,0.4779829545454545
12,0.03135441351649205,3,1,1,0.1878,0.43,0.3822,1.575,1.0,0.43489583333333337
11,0.01319293119282055,2,2,8,0.5696,0.3851,0.0453,1.025,0.7027565696022726,0.6207819158380682
10,0.03711987841130113,4,2,1,0.9559,0.042,0.0021,1.0,0.9882421875,0.48125257703993063
12,0.039499965093354475,4,2,2,0.7186,0.257,0.0244,1.0,0.8098876953125,0.4904046969943575
10,0.020374960501418134,4,1,10,0.3707,0.4488,0.1805000000000001,1.0,0.6598925781250001,0.34021582031250003
12,0.024515107561755914,4,2,5,0.2956,0.5049,0.1995,1.0,0.892169189453125,0.40533610026041667
11,0.0350522573266532,2,1,5,0.2171,0.4583,0.3246,1.175,0.858447265625,0.600055625221946
11,0.01915235784886527,3,1,8,0.5217,0.2802,0.1981,1.0,0.48597966974431817,0.4866499467329545
11,0.01462817197431175,2,2,5,0.6955,0.0329,0.2716,2.65,0.8227272727272726,0.4125
11,0.026632299328626784,4,1,6,0.8234,0.1416,0.035,1.0,0.8408025568181816,0.6060688365589488
10,0.03629880273237574,4,1,7,0.184,0.1252,0.6908,1.95,0.89052734375,0.5903027343749999
12,0.022441020837868253,4,1,8,0.6777,0.0909,0.2314,1.75,0.646075439453125,0.4558067321777344
10,0.03128810614494945,4,1,8,0.7504,0.0195,0.2301000000000001,1.0,0.7366357421875002,0.4668134765625
10,0.03540319938473908,3,0,9,0.3153,0.4093,0.2754,1.025,0.91224609375,0.56429931640625
11,0.03837443439804556,1,0,8,0.9824,0.0066,0.011,3.375,0.7084694602272729,0.47802290482954535
12,0.02929528289205715,4,2,2,0.317,0.1836,0.4994,1.0,0.8716756184895834,0.4136466979980469
12,0.037799074398209224,3,0,5,0.1507,0.5966,0.2527,1.05,0.9701619466145832,0.5347618950737848
12,0.04285418250081635,5,2,1,0.7891,0.0367,0.17420000000000002,1.0,0.8555216471354166,0.5159631153893848
12,0.027879722268236352,3,2,0,0.0011,0.9635,0.0354,1.0,0.8218292236328125,0.46095296223958326
11,0.011312926042051046,4,1,7,0.683,0.1207,0.1963,1.0,0.6312721946022728,0.4076867305871211
12,0.01327351542475273,3,1,0,0.4095,0.0878,0.5027,1.0,0.752466837565104,0.6217596435546874
11,0.04748341822333359,4,1,5,0.7692,0.1584,0.0724,1.0,0.642593661221591,0.6053542985908852
11,0.02055033805358447,4,0,1,0.8858,0.051,0.0632,1.025,0.5521218039772726,0.42656648974398
10,0.04550044526918201,4,1,5,0.9601,0.0269,0.013,1.3,0.990478515625,0.382696533203125
11,0.01689782697737895,2,1,0,0.0797,0.7745,0.1458,2.15,0.8254616477272727,0.5707018567370131
12,0.04783327968866635,3,1,7,0.3801,0.0492,0.5707,1.7,0.570819091796875,0.5841267903645833
11,0.030070123958843925,1,1,9,0.3704,0.3245,0.3051,2.2,0.5228870738636363,0.5267791193181818
12,0.0276945466140956,2,0,7,0.2161,0.3578,0.4261,1.375,0.4888549804687499,0.4999114990234375
11,0.046055619431689364,4,1,5,0.1956,0.2947,0.5097,1.0,0.6547895951704545,0.5864474949692233
12,0.039296505951326534,3,0,4,0.9017,0.0538,0.04450000000000011,1.05,0.4631591796875,0.5115017361111109
10,0.024999516498295446,1,1,3,0.8036,0.1481,0.04829999999999999,6.825,0.6025,0.37205078125
11,0.010752990083436557,2,1,6,0.8277,0.1386,0.03370000000000011,1.375,1.0,0.5413352272727272
10,0.045356910258118145,3,1,1,0.3528,0.4509,0.1963,1.0,0.91849609375,0.30998046874999996
10,0.036105023319593664,2,1,8,0.5266,0.3295,0.1439,3.25,0.56734375,0.5475195312500001
10,0.018954572452656325,5,0,1,0.6663,0.1553,0.1784,1.0,0.8777685546875003,0.481892519350405
12,0.036863771768587246,4,0,6,0.9788,0.0143,0.0069,1.0,0.7257436116536458,0.5104537398726853
11,0.02219267370244661,4,1,4,0.6769,0.2518,0.0713,1.65,0.9556818181818183,0.3762961647727273
12,0.011115111080680492,1,1,4,0.1186,0.1072,0.7742,5.7,0.6045572916666668,0.612109375
11,0.023308359070325683,5,0,0,0.1872,0.6151,0.1977,1.0,0.4222212357954545,0.5161564252508855
11,0.04628034328750693,3,1,1,0.4029,0.2928,0.3043,1.575,0.7009454900568182,0.5293650124289773
10,0.024917785670118098,2,2,1,0.3224,0.0345,0.6431,1.275,0.75361328125,0.33951171875
10,0.03766888267135255,1,1,6,0.9473,0.0078,0.0449,8.225,0.8034375,0.49949573863636365
11,0.019163070949384742,2,1,2,0.2524,0.3312,0.4164,1.0,0.7438720703125,0.42134321732954555
10,0.048966435157556866,3,0,6,0.8685,0.13,0.0015,1.0,0.5744140625,0.5509672037760417
12,0.041215018521629156,5,0,9,0.1055,0.7791,0.1154,1.0,0.6269195556640627,0.4795989142523869
12,0.042724315688516167,2,0,5,0.498,0.221,0.28099999999999997,3.55,0.7351440429687499,0.4154093424479167
12,0.02043796949403126,2,1,2,0.8292,0.013,0.1578,4.35,0.7332458496093749,0.44716796875
11,0.010003560598220045,3,1,9,0.314,0.2917,0.3943,2.275,0.9342151988636364,0.6328687263257574
10,0.04205142662691238,4,1,3,0.2283,0.3118,0.45990000000000003,1.0,0.5749609375,0.49749999999999994
11,0.020964515100083014,1,0,8,0.0182,0.825,0.1568,5.525,0.8102982954545453,0.5326083096590908
12,0.030942645144396354,4,2,6,0.8682,0.0079,0.1239,1.0,0.7861633300781251,0.33749999999999997
11,0.03437904090913721,2,2,6,0.9338,0.0068,0.05939999999999999,2.625,0.6837136008522726,0.45499999999999996
11,0.03514363824030945,1,0,8,0.3565,0.5672,0.0763,5.0,0.822088068181818,0.4916370738636363
11,0.024302804105663038,2,2,5,0.102,0.4076,0.4904,1.9,0.7491810191761364,0.46357754794034084
11,0.030924273509145103,2,2,3,0.5432,0.035,0.4218,1.725,1.0,0.2727272727272727
11,0.01725728984953234,4,1,5,0.5931,0.0801,0.32680000000000003,1.0,0.9951526988636363,0.5457142223011363
10,0.02528186070890441,4,1,4,0.9048,0.0704,0.0248,1.0,0.909736328125,0.679253191266741
10,0.04431176722319303,2,0,8,0.1732,0.0314,0.7954,1.05,0.533740234375,0.4993289620535714
12,0.016298706430873985,4,0,8,0.7725,0.1988,0.02870000000000011,1.0,0.997625732421875,0.6621268862769719
11,0.0449699113871892,3,2,3,0.1761,0.0998,0.7241,1.3,0.7069113991477272,0.45392955433238635
10,0.03653019155407942,1,0,2,0.3871,0.1809,0.432,6.25,0.8794531250000001,0.4093785511363636
10,0.029950228022302218,3,2,3,0.4179,0.3943,0.1878,1.6,0.700576171875,0.49950520833333334
11,0.013429344909564956,2,1,9,0.2184,0.4779,0.3037,4.95,0.7759144176136363,0.5454079367897726
11,0.03236794076001087,5,1,4,0.1502,0.1459,0.7039,1.0,0.783880060369318,0.6205821644176136
12,0.04789782864161575,4,1,5,0.4354,0.2053,0.3593,1.025,0.7626953125000001,0.37410507202148435
12,0.028534477933698614,3,0,1,0.5965,0.2803,0.1232,1.35,0.7265584309895834,0.49387310297802234
11,0.03393841544658463,4,1,9,0.6558,0.2169,0.12730000000000002,1.0,0.6258056640625,0.47757777249749334
11,0.023842818034078735,5,1,7,0.3402,0.1277,0.5321,1.0,0.6638916015625,0.43639715021306813
10,0.030601861604215935,5,2,7,0.3379,0.2173,0.4448000000000001,1.0,0.948583984375,0.5654589843750001
11,0.032566963369491796,3,1,9,0.6429,0.252,0.1051,1.525,0.8454057173295453,0.5098987926136362
10,0.023334954912272873,2,0,10,0.5511,0.1998,0.2491,2.15,0.6317773437499999,0.43838588169642856
12,0.03192634131632513,3,1,6,0.1423,0.4531,0.4046,1.325,0.9565836588541664,0.5831843905978733
11,0.04163934871689685,2,1,5,0.1541,0.2164,0.6295,2.45,1.0,0.4424242424242424
11,0.015767678535194934,3,1,5,0.2088,0.4643,0.3269,1.0,0.6104891690340909,0.4012650923295455
10,0.03339395828906362,2,0,4,0.0875,0.7141,0.1984,1.05,0.8647949218749998,0.49390625000000005
11,0.03782727508614955,2,1,10,0.818,0.0093,0.1727000000000001,3.8,0.7195490056818181,0.4451615767045455
11,0.04161672127494114,2,1,5,0.2821,0.396,0.3219,1.625,0.8856178977272728,0.6646491773200757
11,0.018268080423106292,5,2,0,0.8678,0.0339,0.0983,1.0,1.0,0.49886363636363634
11,0.01639038956634503,1,0,5,0.5045,0.1737,0.3218000000000001,7.225,0.5531249999999999,0.5011363636363635
10,0.04302672479645691,1,0,4,0.7428,0.0062,0.251,3.3,0.5146875,0.56078125
10,0.010683337476520227,2,1,0,0.8361,0.1206,0.0433,1.6,0.9848828125000001,0.68578125
12,0.013395782653044572,3,0,4,0.4663,0.3204,0.21330000000000002,1.025,0.5226562499999999,0.47403139386858256
11,0.03343397206159126,2,0,0,0.5087,0.0924,0.3989,3.775,0.741015625,0.4960316051136364
12,0.012564946353770466,5,0,7,0.8226,0.0411,0.1363,1.0,0.45928955078125,0.4202067550505051
11,0.03130389769507183,5,2,9,0.6288,0.221,0.1502,1.0,1.0,0.5630681818181819
10,0.01441798858711869,2,2,5,0.4897,0.4947,0.01560000000000011,3.35,0.7364257812499999,0.42643066406249996
10,0.0477961751525958,2,2,4,0.7745,0.0961,0.1294000000000001,2.75,0.9741015624999999,0.40407031250000003
12,0.037550561887429335,3,0,10,0.8925,0.0226,0.08490000000000011,1.275,0.6413452148437501,0.528676249186198
10,0.03516387759447856,5,1,0,0.6853,0.0745,0.2402,1.0,0.6389453125,0.63032470703125
11,0.024144572492177833,5,0,7,0.6971,0.2129,0.09,1.0,0.7812300248579546,0.6642027793596695
12,0.04050776092051894,3,1,9,0.9872,0.0118,0.000999999999999989,1.0,0.6271799723307291,0.49743011474609383
12,0.03235774986662715,3,1,9,0.2978,0.6307,0.0715,3.95,0.8375,0.3930013020833333
12,0.04029063460563678,4,0,3,0.3444,0.3072,0.3484,1.075,0.5435180664062499,0.4572490423985349
12,0.021670102089843005,2,1,10,0.8928,0.0163,0.09090000000000001,2.2,0.8682942708333332,0.4399027506510417
11,0.037016070759244596,2,0,0,0.5117,0.39,0.09830000000000001,1.9,0.8681906960227274,0.6709764356737014
12,0.02555817377819396,3,1,6,0.2927,0.1545,0.5528,1.825,0.788824462890625,0.4115305582682291
10,0.019943719802536095,4,1,4,0.5643,0.3788,0.05689999999999999,1.0,0.8701171875,0.4290283203125
11,0.04781497495506474,2,1,8,0.0488,0.7348,0.2164,1.4,0.8868452592329545,0.47578957297585234
11,0.02288079362551248,4,1,1,0.551,0.1046,0.3444,1.025,0.9918568004261363,0.4545454545454545
11,0.04802888322668453,4,1,9,0.7544,0.105,0.1406,1.275,0.6059237393465908,0.39301202947443176
12,0.04347923490819155,3,1,9,0.2604,0.3579,0.3817,1.1,0.599786376953125,0.47300059000651035
11,0.018705370049732387,3,0,5,0.3408,0.3749,0.2843,1.625,0.9495361328125,0.5857644807449495
11,0.022414523596207728,3,0,0,0.279,0.395,0.326,1.0,1.0,0.4556818181818182
12,0.030987794078361525,3,0,8,0.8654,0.099,0.03560000000000011,1.05,0.574749755859375,0.4179066002255395
10,0.012212185195560873,2,1,2,0.1106,0.5818,0.3076,4.075,0.9942578125000001,0.5822237723214286
11,0.04254529215139777,4,1,9,0.4907,0.1042,0.4051,1.0,0.6139470880681819,0.2744173916903409
10,0.020465282350888077,4,1,1,0.8167,0.0164,0.1669,1.0,0.9763427734375,0.4402391468394887
10,0.01724363486183631,2,1,9,0.32,0.1487,0.5313,1.0,0.7388574218749999,0.42072021484375
11,0.03318455663917252,5,1,3,0.7323,0.1168,0.1509,1.0,0.8079523259943182,0.4735057431175596
11,0.04452578871002361,1,2,7,0.4057,0.295,0.2993,2.775,0.80126953125,0.42898329697646104
12,0.04076400140719366,2,1,4,0.6556,0.116,0.22840000000000002,2.05,0.5505859375,0.6470082600911459
11,0.04827140720315205,1,0,9,0.6581,0.1591,0.1828,8.025,0.6953125,0.6028409090909091
12,0.04887645671751998,3,1,1,0.5702,0.1917,0.2381,1.8,0.84532470703125,0.632079060872396
12,0.03326104171764687,1,1,8,0.0789,0.2948,0.6263,9.15,0.7520833333333334,0.5081380208333334
11,0.03494939001328322,4,2,9,0.7067,0.1599,0.1334,1.0,0.746542080965909,0.4109881036931819
11,0.04377368317370309,2,2,1,0.0404,0.5155,0.4441,3.375,0.8448863636363637,0.5178267045454545
10,0.015970144347283177,4,1,7,0.7332,0.0659,0.2009000000000001,1.0,0.6075244140625001,0.336646728515625
11,0.03881949256760618,1,1,6,0.0193,0.1178,0.8629,4.075,0.949431818181818,0.45852272727272714
11,0.017759410911249617,4,1,8,0.661,0.2072,0.1318,1.45,0.8313831676136363,0.7038796164772727
10,0.047479102986454455,3,1,8,0.8948,0.0081,0.0971,1.025,0.6953125,0.3483024088541666
12,0.02393420248157225,1,0,2,0.073,0.69,0.2370000000000001,10.075,0.5110677083333333,0.5623842592592593
12,0.043884424321998364,2,2,10,0.2072,0.2257,0.5671,5.65,1.0,0.6619791666666666
11,0.04475246904004751,4,2,6,0.4105,0.1487,0.4408,1.475,1.0,0.7250000000000001
11,0.03439056857366887,2,1,0,0.1651,0.0131,0.8218,2.25,0.7902077414772728,0.36718750000000006
10,0.025528253571917868,1,1,0,0.0121,0.7955,0.1924,4.675,0.98998046875,0.4715042550223215
11,0.028739381755838962,4,2,6,0.3637,0.1579,0.4784,1.0,0.9285888671875,0.5386363636363637
10,0.047210196250964426,3,0,4,0.6629,0.2108,0.12630000000000002,1.0,0.991240234375,0.40612004206730773
10,0.02791655279764764,1,1,8,0.8173,0.157,0.0257,4.8,0.67748046875,0.45125000000000004
11,0.017601750629168265,1,2,9,0.0228,0.1231,0.8541,4.725,1.0,0.4545454545454545
10,0.049419253931454604,2,2,4,0.7527,0.1772,0.0701,1.55,0.8067578125000001,0.6466601562500001
11,0.026592672496405227,2,1,3,0.0529,0.0646,0.8825,6.35,0.72099609375,0.5744124483471074
10,0.03615622578099099,2,1,5,0.1611,0.6916,0.1473,1.825,0.9763378906250001,0.40301757812499994
12,0.03796185831253394,4,2,1,0.4495,0.1849,0.3656,1.0,0.8158762613932293,0.42412465413411465
11,0.023919137723120827,5,1,8,0.3242,0.065,0.6108,1.0,0.9607044566761364,0.602309903231534
12,0.03150034699727686,2,1,4,0.9562,0.0079,0.0359,3.5,0.7529947916666666,0.37687494187127973
12,0.021713116086329497,1,1,5,0.9504,0.0235,0.0261,8.45,0.7990559895833332,0.4403645833333333
10,0.02673969347346835,3,2,1,0.8755,0.0059,0.11859999999999998,1.925,0.9873828124999999,0.40357666015625
12,0.03775680829564816,4,2,10,0.4352,0.124,0.4408,1.0,0.7378519694010416,0.5705652872721355
11,0.015388656255173024,1,2,6,0.0919,0.0436,0.8645,4.325,0.8892045454545456,0.5542613636363635
11,0.024021246091272916,1,1,2,0.6293,0.2798,0.0909,6.875,0.8393465909090908,0.5842329545454545
10,0.04086487061893974,2,1,5,0.4452,0.3433,0.2115,1.575,1.0,0.7910714285714285
12,0.042128955126064134,3,2,3,0.231,0.4756,0.2934,1.3,0.9755391438802083,0.5021375868055555
11,0.03664119945552365,1,1,7,0.918,0.0559,0.026100000000000012,7.875,0.7503196022727272,0.5376065340909092
11,0.019970165749776354,4,2,6,0.6633,0.2244,0.11230000000000001,1.0,0.6584383877840908,0.597324123630276
12,0.011765445532117023,3,0,0,0.0638,0.1403,0.7959,1.0,0.9804931640625,0.4630420232223251
11,0.047081868995002774,4,1,10,0.3017,0.4041,0.2942,1.0,0.7780450994318182,0.4883138205788352
11,0.021962470716669315,4,2,0,0.856,0.0888,0.05520000000000001,1.0,1.0,0.603181818181818
11,0.018297925201165573,2,1,6,0.776,0.2235,0.0005,1.675,0.6560813210227272,0.41847634055397726
10,0.02826921100214525,4,2,4,0.4288,0.0846,0.48660000000000003,1.0,1.0,0.695
12,0.024833742351864085,2,0,9,0.0465,0.4365,0.517,5.5,0.6710611979166667,0.4682373046875
10,0.0448758294903057,2,2,9,0.2276,0.2028,0.5696,2.275,0.805,0.5
11,0.04241232532287976,4,0,10,0.7136,0.1789,0.10750000000000001,1.0,0.5941250887784092,0.5068291584964797
11,0.016201623487862055,1,2,8,0.0194,0.3798,0.6008,2.05,0.994034090909091,0.7215909090909092
12,0.01027187590974174,4,0,2,0.5971,0.1794,0.2235,1.075,0.7597544352213543,0.491778564453125
12,0.015379690414843761,4,1,3,0.2924,0.6887,0.0189,1.0,0.8786092122395835,0.5180966898600259
12,0.04967279990190753,2,1,7,0.3649,0.6011,0.034,3.375,0.984765625,0.5008138020833334
10,0.03205244018007623,3,0,1,0.6342,0.1802,0.18560000000000001,1.0,0.7055957031250001,0.5495619419642856
11,0.0444844335151985,4,2,1,0.2204,0.4655,0.3141,1.0,0.9248668323863637,0.6145707563920455
10,0.012223461431104872,3,1,3,0.0298,0.7834,0.1868,1.5,0.99697265625,0.40068115234375
11,0.03251761668733085,4,2,3,0.7317,0.2179,0.0504,1.2,0.7597123579545454,0.5765946821732953
11,0.015541004896858484,3,1,2,0.7316,0.1272,0.1412,1.0,0.6131680575284092,0.33453147194602273
10,0.02176834736183278,4,2,9,0.0202,0.4669,0.5129,1.0,1.0,0.5483928571428571
12,0.015627261649456305,4,1,8,0.699,0.2179,0.0831000000000001,1.0,0.7419677734375,0.4478790283203125
11,0.017945318556922808,4,1,6,0.4381,0.3471,0.2148,1.0,0.7493363813920454,0.5851765858043325
10,0.04546750605637343,3,0,8,0.8401,0.0962,0.0637000000000001,1.0,0.5312646484375,0.4947828776041666
12,0.0444274890988021,2,1,2,0.4791,0.1607,0.36019999999999996,1.475,0.8146484375,0.4293294270833333
11,0.020642433696932902,4,0,3,0.7767,0.2203,0.003000000000000111,1.0,0.6719637784090908,0.46994845567843624
11,0.027352172713291552,2,2,9,0.2084,0.4798,0.3118,1.075,1.0,0.8108585858585858
11,0.043832796452711965,2,1,3,0.9237,0.0502,0.0261,2.0,0.718856534090909,0.4641927083333333
11,0.03859370914260132,5,1,5,0.7091,0.2284,0.0625,1.0,0.5669167258522727,0.5088267933238637
11,0.024556962587545667,3,1,9,0.1027,0.5407,0.3566,1.975,0.7629505504261365,0.4667165860262784
11,0.027343386528848997,1,2,10,0.8163,0.1287,0.055,7.95,0.3319247159090909,0.4999999999999999
12,0.04084078292040832,3,1,1,0.9284,0.0231,0.0485,3.2,0.82794189453125,0.47342529296875
10,0.038671613584409646,3,1,5,0.8308,0.0826,0.0866,1.025,0.8641308593750001,0.5386132812500002
12,0.03675495659915379,2,2,8,0.645,0.2584,0.0966,1.025,0.818377685546875,0.47679189046223963
12,0.03956062885993653,4,1,2,0.0801,0.9015,0.0184,1.0,0.7504435221354167,0.5852963765462238
10,0.024274946865742456,5,1,10,0.6755,0.0859,0.2386,1.0,0.9215429687500001,0.5562239583333334
11,0.02715791003039668,4,0,5,0.3927,0.039,0.5683,1.0,0.9181307705965909,0.5430133032516056
11,0.04290074848234514,4,2,10,0.6787,0.0772,0.2441,1.025,0.8492143110795454,0.3042935458096591
11,0.023757313924263113,2,0,5,0.7703,0.1108,0.1189,2.575,0.98857421875,0.5245942351105924
11,0.03482769147703919,3,1,6,0.7224,0.2014,0.0762,1.325,0.7925292968750001,0.6348455255681819
10,0.04161141876850237,3,1,8,0.5062,0.3711,0.1227,1.975,0.996572265625,0.5820745849609376
11,0.01559187210078614,4,2,4,0.1131,0.8827,0.0042,1.025,0.941976651278409,0.6121404474431819
10,0.027894965691268606,4,1,0,0.7723,0.1616,0.0661,1.0,0.5353613281249998,0.34847314453125
11,0.02711105266003959,1,1,6,0.1942,0.2718,0.534,8.5,0.9335227272727273,0.5553977272727272
11,0.04800491195019597,3,0,5,0.704,0.146,0.15,1.525,0.7042280717329545,0.5164916992187502
10,0.018049520712392967,2,2,9,0.0519,0.0602,0.8879,2.35,0.7806249999999999,0.5794335937499999
11,0.02931127750328203,3,2,3,0.4393,0.0933,0.46740000000000004,1.025,0.7122780539772728,0.5432040127840908
11,0.021074843115731275,3,0,0,0.4292,0.3752,0.1956,1.0,0.9033314098011364,0.4781160111860795
11,0.011162871358672692,3,2,4,0.7074,0.2473,0.0453,1.0,0.99365234375,0.45510919744318185
11,0.029500126316355138,3,1,1,0.5068,0.1738,0.3194,1.025,0.9574129971590908,0.4893123478084417
10,0.023564069556102286,1,1,4,0.3455,0.184,0.4705,6.275,0.5075000000000001,0.47437500000000005
11,0.041505527720976744,3,1,7,0.3864,0.2938,0.3198,1.05,1.0,0.5443181818181818
11,0.03088903927877465,4,2,1,0.9702,0.0144,0.015400000000000011,1.025,0.6899458451704547,0.47849648215553975
11,0.01678431009838159,3,2,3,0.9821,0.0111,0.006800000000000011,1.9,0.9918279474431818,0.36627929687500005
10,0.013257047968382871,5,1,5,0.3516,0.1686,0.4798,1.0,0.6699853515624998,0.5442640904017858
11,0.015128816034106554,3,0,10,0.8871,0.0353,0.0776,1.0,0.9803111683238637,0.4750856473848419
10,0.02831542757928101,4,1,1,0.0975,0.2043,0.6982,1.0,0.98525390625,0.6888391113281249
11,0.010301275858751254,1,1,1,0.7065,0.1268,0.1667,5.3,0.7712779651988637,0.5901899857954546
12,0.04257818685679431,2,1,7,0.141,0.0991,0.7599,1.225,0.819854736328125,0.4517865498860676
10,0.04919189746840798,3,1,1,0.9488,0.0493,0.0019,1.15,0.708759765625,0.5176088169642856
12,0.028494913155715375,4,2,7,0.8392,0.066,0.0948,1.0,0.6673431396484375,0.49311065673828125
10,0.03328829739714731,3,0,8,0.1081,0.0473,0.8446,1.0,0.91818359375,0.48384497050118896
11,0.04000938048051629,4,0,7,0.9373,0.0301,0.0326,1.0,0.5068647904829546,0.6010164731508727
11,0.013808462823835148,2,1,5,0.4919,0.2823,0.2258,8.225,0.7308593750000001,0.4855180220170455
11,0.019249857003964938,2,2,4,0.3997,0.2327,0.3676,8.5,0.7340909090909091,0.396875
10,0.03356950313894615,2,0,7,0.0108,0.3853,0.6039,2.15,0.7400634765625,0.5242286596053687
11,0.017718474555867014,3,1,2,0.8332,0.1492,0.0176,1.25,0.9908469460227274,0.6350985440340908
12,0.044850159700826245,3,1,8,0.8128,0.1451,0.0421,1.875,0.8603515625,0.44062906901041676
11,0.040453967978659605,3,1,4,0.6707,0.3023,0.027,1.425,0.841104403409091,0.5792258522727272
11,0.043095875879171616,4,2,2,0.3698,0.064,0.5662,1.0,0.7115589488636364,0.4405256791548295
10,0.022101288306739287,2,0,8,0.2809,0.3,0.4191,4.525,0.604140625,0.524375
11,0.04003901615285131,3,0,9,0.4458,0.0611,0.4931,1.525,0.6788662997159092,0.5967891808712121
12,0.0260819633464967,3,1,0,0.3312,0.0188,0.65,1.9,0.8128896077473957,0.2061540004185268
11,0.03462347228372818,4,1,9,0.5818,0.2573,0.16090000000000002,1.0,0.5577703302556818,0.6136413574218751
10,0.041966813845940414,3,1,9,0.8565,0.1078,0.0357,1.05,0.8636523437499999,0.33618408203125
12,0.022564571333876238,2,0,1,0.137,0.3733,0.4897,3.35,0.83531494140625,0.5417223808092949
11,0.03718308847873072,3,0,4,0.4035,0.2802,0.3163,1.15,0.49921875,0.4883002211005141
12,0.017590384037405614,4,1,10,0.0274,0.1782,0.7944,1.0,0.6352081298828125,0.6597564234878078
10,0.04824710373194776,3,0,10,0.8418,0.0236,0.1346,1.0,0.5088476562499998,0.46212036132812495
12,0.026839106451536296,2,1,0,0.6858,0.2993,0.0149,2.05,1.0,0.8208333333333334
12,0.02736023418007437,2,1,6,0.1148,0.8447,0.04049999999999999,2.2,0.9388916015625,0.3547867838541666
10,0.013207803926689797,2,1,7,0.6496,0.1946,0.1558,5.8,0.94404296875,0.5875618489583333
10,0.04754089383726374,5,2,1,0.0131,0.7004,0.2865,1.0,0.9802734375,0.3105146484375
11,0.04069306821511357,3,1,1,0.6101,0.2437,0.1462,1.0,1.0,0.7847727272727273
10,0.01971192287456878,5,1,0,0.5663,0.1133,0.3204,1.0,0.87583984375,0.67678955078125
12,0.04771731446208341,3,1,2,0.3073,0.5023,0.1904,1.025,1.0,0.4302083333333333
11,0.0396050872918286,3,0,8,0.5952,0.1401,0.2647,1.825,0.6920854048295455,0.4359850950915405
10,0.018708652019599793,3,0,4,0.0313,0.5264,0.44229999999999997,1.025,0.9583300781249999,0.4564575195312499
12,0.03174614110457777,4,0,5,0.3253,0.4273,0.2474000000000001,1.175,0.98748779296875,0.49142737212004495
11,0.04249586263800752,4,1,0,0.3198,0.6504,0.0298,1.475,0.7334827769886363,0.4272261186079545
11,0.016025748922617863,4,1,6,0.7733,0.2003,0.0264,1.0,0.6029319069602274,0.3461203280362216
12,0.041568255157481936,4,1,4,0.033,0.5888,0.3782,1.0,0.9998982747395834,0.4958435058593751
11,0.015063526305312437,3,1,2,0.1641,0.0971,0.7388,1.05,1.0,0.5651515151515151
10,0.02095641365791194,1,0,8,0.3543,0.4307,0.215,8.675,0.44375,0.465
11,0.02474889711808189,3,1,9,0.138,0.442,0.42,1.675,1.0,0.634090909090909
12,0.027866023548630568,3,2,0,0.8824,0.0694,0.0482,1.025,0.9222412109375,0.5313466389973959
11,0.030417206787888035,4,0,10,0.1646,0.248,0.5874,1.0,0.3195756392045454,0.5132512793602884
12,0.03089837000939137,5,0,5,0.0676,0.4049,0.5275,1.0,0.81551513671875,0.5015575018626058
11,0.010715458780156405,2,1,4,0.8115,0.0111,0.1774,2.9,1.0,0.5454545454545454
11,0.03259173604217022,4,1,8,0.4967,0.3576,0.1457,1.0,0.608407315340909,0.44944006189123387
11,0.045020933205146774,2,0,2,0.7373,0.0692,0.1935,3.8,0.6977272727272726,0.6168097267316017
12,0.03853859561101041,3,1,8,0.4435,0.2584,0.2981,1.6,0.87415771484375,0.4867885044642858
10,0.017860811070860558,3,1,0,0.2832,0.4959,0.2209,1.0,0.78232421875,0.66667724609375
10,0.026920020774211365,1,0,1,0.5854,0.0265,0.3881,1.725,0.958984375,0.48272460937500006
11,0.01879046730268428,1,1,7,0.0035,0.081,0.9155,9.1,0.7981534090909091,0.605078125
11,0.037207817624518955,4,1,9,0.5786,0.2668,0.1546000000000001,1.8,0.7706187855113635,0.4402740478515625
12,0.04906103656715144,3,0,5,0.8715,0.0011,0.1274,1.075,0.6709533691406249,0.5028095149192489
11,0.030356700641860662,4,1,8,0.4884,0.0091,0.5025,1.0,0.7185990767045456,0.4854399525035512
12,0.027566137562663656,3,2,10,0.1276,0.1483,0.7241,1.775,1.0,0.49375
11,0.01053318495690549,4,2,8,0.6718,0.0489,0.2793000000000001,1.0,0.6484841086647728,0.5070549242424243
11,0.04657409458700924,4,1,3,0.7334,0.202,0.0646,1.0,0.5912686434659091,0.5382268732244319
11,0.04135567145701054,4,1,6,0.8328,0.1369,0.0303,1.0,0.7086803089488637,0.3517618815104166
12,0.031618636119660176,3,0,6,0.5426,0.2951,0.1623000000000001,1.675,0.624615478515625,0.6000230189732143
10,0.02908876189842225,4,2,1,0.5682,0.187,0.2448,1.0,1.0,0.5507142857142859
11,0.043243147723864006,3,1,8,0.156,0.0452,0.7988,2.2,0.7649924538352272,0.608209228515625
12,0.02807711718845611,5,1,4,0.8498,0.0188,0.1314,1.0,0.8161732991536459,0.47661577860514326
10,0.011921020811472793,2,0,1,0.1493,0.7624,0.0883,2.55,0.7903515625,0.64119140625
11,0.04146433215439157,5,0,3,0.0037,0.5742,0.4221,1.0,0.6827925248579546,0.436375966392837
11,0.041303293510283196,5,1,2,0.9356,0.0573,0.007100000000000011,1.0,0.5738259055397728,0.6299732555042614
10,0.03776593975161615,4,1,2,0.399,0.111,0.49,1.0,1.0,0.5983333333333334
12,0.02007510310919458,2,0,5,0.9838,0.0022,0.014,3.375,0.8383097330729165,0.5425349848766896
12,0.011472963058458371,1,1,5,0.9716,0.0102,0.0182,5.725,0.60390625,0.5410481770833334
11,0.045547560952854824,5,1,1,0.8966,0.059,0.04440000000000001,1.0,0.6679598721590908,0.42236683238636363
11,0.03267963648137165,1,0,9,0.2637,0.4669,0.2694000000000001,7.325,0.8625,0.5240589488636364
11,0.016445728624640298,2,0,0,0.4795,0.1215,0.399,1.725,0.8430042613636364,0.6721668590198864
11,0.022159222148731093,3,0,8,0.0474,0.7482,0.2044,1.0,0.7909934303977273,0.4835807863345817
12,0.03501846692293775,4,2,3,0.6434,0.2603,0.0963,1.575,0.855865478515625,0.3476694742838541
12,0.04021989429956488,5,1,1,0.2005,0.377,0.4225,1.0,0.6404052734374999,0.46594823201497404
11,0.03559285468013707,3,1,5,0.7243,0.1243,0.1514,1.0,0.9655473188920454,0.4508186109138258
10,0.024154965098490182,4,0,3,0.6301,0.0414,0.3285,1.0,0.4726025390625,0.4143234688895089
11,0.04616447241639147,4,2,4,0.0648,0.7678,0.16740000000000002,1.0,0.9948552911931818,0.6367587002840909
11,0.01612660484771166,3,0,5,0.0742,0.4419,0.4839,1.025,0.9991743607954545,0.5870680737401186
10,0.047661470471241786,2,0,6,0.7879,0.1971,0.015,1.75,0.6825,0.5375495990953947
10,0.03786065926411538,3,0,1,0.6985,0.1588,0.1427,1.1,0.7278466796874999,0.52689453125
10,0.04693216091103291,4,2,6,0.7198,0.082,0.1982,1.1,0.655322265625,0.4181884765625
12,0.04569174550300002,4,1,7,0.7565,0.1368,0.1067,1.0,0.5214426676432291,0.6181780497233073
10,0.039441728230287444,5,1,4,0.3424,0.3662,0.2914,1.0,0.9723339843750001,0.5047626953125001
10,0.022649458113732625,2,0,1,0.3235,0.6532,0.023299999999999987,2.225,0.47373046875,0.5724091796874999
11,0.023362624605410363,4,2,2,0.5301,0.2612,0.2087,1.0,1.0,0.7136363636363636
11,0.04023206541781733,5,1,4,0.5282,0.3072,0.1646000000000001,1.0,1.0,0.5454545454545454
11,0.04661169373124009,5,2,2,0.2537,0.6222,0.12410000000000011,1.0,1.0,0.6295454545454545
12,0.012516820698321588,2,2,4,0.6516,0.2995,0.0489000000000001,2.775,0.88701171875,0.5732654389880952
11,0.0452155914594318,3,1,6,0.4327,0.3578,0.2095,1.375,0.9068625710227274,0.391954179243608
11,0.023176456511632852,3,0,9,0.3945,0.3228,0.2827,3.875,0.9487571022727274,0.5760503292871901
12,0.013053865695160583,5,1,2,0.6666,0.2545,0.0789,1.0,0.5538350423177084,0.5878755696614582
11,0.04606792671793615,1,0,0,0.2121,0.1058,0.6821,4.05,1.0,0.5607954545454545
12,0.03748888536058945,3,0,2,0.9527,0.0427,0.0046000000000001,1.025,0.87271728515625,0.37947985331217443
12,0.0169381974442679,4,1,10,0.5616,0.3246,0.1138,1.025,0.5895843505859374,0.655670623779297
11,0.03992569793681121,1,1,6,0.0049,0.5385,0.4566,7.675,0.996590909090909,0.5251217532467531
12,0.011854268675586104,2,1,4,0.4424,0.0688,0.4888,5.975,0.8603515625,0.5657645089285713
10,0.015808431891169195,2,2,6,0.9191,0.0289,0.05199999999999999,3.45,1.0,0.49749999999999994
12,0.031217021098240816,2,1,6,0.1034,0.209,0.6876,1.15,0.708404541015625,0.4437062581380209
12,0.04261449921687115,1,1,5,0.0908,0.5581,0.3511,9.55,0.8364583333333334,0.5239583333333332
12,0.02270468747136743,4,2,6,0.0101,0.6293,0.3606,1.0,0.9928609212239584,0.6612776692708333
11,0.011143942681690432,2,1,7,0.6188,0.0106,0.3706,1.975,0.9016690340909091,0.4793927556818181
11,0.02732993770321602,4,1,5,0.8879,0.0197,0.0924,1.0,0.5305730646306819,0.3646893694684222
10,0.015504712570485982,4,1,10,0.6378,0.3104,0.0518,1.0,1.0,0.49749999999999994
12,0.023021625310997343,5,2,10,0.1392,0.326,0.5348,1.025,0.8654296875,0.5401258680555555
12,0.03299143272744903,5,1,9,0.8263,0.1622,0.0115,1.0,0.5441284179687499,0.26429799397786463
11,0.01214695548087947,4,1,8,0.5371,0.3773,0.0856,1.0,0.9935036399147726,0.5071102257930872
12,0.015795969986366547,3,2,9,0.0953,0.8101,0.0946,1.825,0.9932393391927083,0.33779669867621526
12,0.028106408848374557,3,1,7,0.4963,0.2876,0.21610000000000001,1.75,0.8761800130208334,0.586128974683357
12,0.03793878588948351,1,0,5,0.2773,0.5027,0.22,7.625,0.99111328125,0.4835055443548385
11,0.015481131664210057,4,2,2,0.7,0.1712,0.1288,1.0,1.0,0.5443181818181818
12,0.018842684676462326,4,2,8,0.412,0.4462,0.1418,1.0,0.9941243489583333,0.6428385416666668
11,0.015701662119421946,3,1,7,0.4427,0.1115,0.4458,2.45,0.9078702059659092,0.7200372869318182
10,0.012139046656374206,4,0,9,0.6658,0.0921,0.24210000000000012,1.0,0.5774462890625001,0.4719779924665179
11,0.035991490830180654,1,2,3,0.3118,0.1816,0.5066,7.4,0.8417613636363637,0.49446022727272715
12,0.025988783367465906,4,0,6,0.5674,0.1122,0.3204,1.0,0.5324605305989584,0.5003749211629233
10,0.016307653141427573,4,1,6,0.3292,0.2174,0.4534,1.0,0.7193066406249999,0.5684995814732142
10,0.033581729600260235,2,1,1,0.2711,0.2883,0.4406,1.775,0.780244140625,0.5919618055555554
12,0.032441619285156285,2,1,10,0.4182,0.2139,0.3679,5.375,0.8461832682291668,0.41297607421875
11,0.028910686789153595,2,1,4,0.434,0.0457,0.5203,6.7,0.75625,0.5298295454545455
10,0.04053504927703978,3,1,3,0.3406,0.5634,0.096,1.0,0.95609375,0.4902099609375
11,0.023952171861694203,4,0,8,0.2729,0.4782,0.2489,2.375,0.9083251953125,0.42227610215783756
11,0.036375252917264476,2,1,6,0.3319,0.1007,0.5674,2.85,0.9113636363636364,0.5329900568181818
11,0.046222167040038974,2,2,1,0.0725,0.9152,0.0123,1.75,1.0,0.45259740259740255
11,0.025965711302110644,2,0,7,0.5794,0.1825,0.2381,1.0,0.743561345880682,0.6121260209517045
10,0.0338336077334418,1,2,9,0.6293,0.1503,0.22039999999999998,1.8,0.6831249999999999,0.48753906249999995
11,0.013961819009531503,3,2,4,0.9615,0.0296,0.00890000000000001,1.975,0.7192382812499999,0.5083000414299242
11,0.02688841345292988,4,1,7,0.3785,0.4217,0.1998,1.0,0.6537642045454546,0.3975473114938447
11,0.04040314146707893,2,0,6,0.5632,0.3014,0.1354,2.075,0.8465598366477274,0.4890907476756198
11,0.018426204013879816,2,1,3,0.7614,0.0374,0.2012,1.05,0.7694802024147729,0.6781634706439393
10,0.045005703430829276,5,1,10,0.2625,0.5802,0.1573,1.0,0.5426025390625,0.38577331542968746
11,0.03765509992124405,2,2,10,0.2839,0.7071,0.00900000000000011,1.1,0.6303821910511365,0.6460316051136366
12,0.04103023763091036,2,2,3,0.3684,0.1005,0.5311,1.85,0.8169270833333332,0.3992317708333334
11,0.03966552854625235,5,1,7,0.2207,0.3642,0.41509999999999997,1.05,0.6226029829545454,0.46679754083806824
11,0.028865810797713977,4,2,5,0.5954,0.2124,0.1922,1.025,0.9990478515625,0.6362337979403409
11,0.018207929830744957,2,1,4,0.7944,0.0835,0.1221,1.05,0.7233575994318182,0.5749917562905843
10,0.012921529016600788,1,2,3,0.9626,0.0061,0.0313,7.9,0.8476171875,0.47187499999999993
10,0.039373541387460596,3,2,8,0.0114,0.6327,0.3559,1.325,0.9913232421875,0.4805029296875
11,0.04314989116156166,1,0,1,0.4102,0.481,0.1088,7.4,0.992080965909091,0.4534681689049586
12,0.03205670548205514,4,2,2,0.9139,0.0504,0.0357,1.0,0.97762451171875,0.6641469319661459
11,0.01658133159532007,2,1,3,0.2413,0.1261,0.6326,3.5,0.7742542613636363,0.5330738414417614
10,0.016383210585249133,2,1,8,0.9543,0.0101,0.0356,1.45,0.9016015625,0.5765144856770833
12,0.030492478818495296,3,2,4,0.6364,0.0996,0.264,1.05,0.7095225016276041,0.5700968424479168
11,0.029154791604398975,4,0,1,0.0832,0.617,0.2998,1.025,0.7288596413352273,0.5603213619876216
12,0.02109646071891871,2,2,4,0.1196,0.4463,0.4341,1.2,1.0,0.5368055555555555
12,0.01419284056701145,3,1,6,0.0983,0.6241,0.2776,1.275,0.974609375,0.49020221044146817
10,0.043456178004951565,5,0,3,0.6431,0.1192,0.2377,1.0,0.5293652343749999,0.6747522553943452
11,0.04577554255940883,1,1,9,0.2674,0.1771,0.5555,2.275,0.8138982599431817,0.5513729580965908
11,0.027996331789441706,3,0,3,0.2616,0.0022,0.7362,1.05,0.9487593217329545,0.561066701356008
12,0.011570369191495537,2,2,3,0.7401,0.1832,0.0767,5.4,0.838134765625,0.43440077039930564
11,0.03381414489191948,2,2,8,0.7766,0.0897,0.1337,2.4,0.66865234375,0.3587255859375
10,0.03523965059554113,3,2,4,0.726,0.1102,0.1638,2.175,0.9741015624999999,0.49749999999999994
12,0.042788143938844815,4,0,2,0.2419,0.6748,0.0833,1.0,0.6347513834635418,0.5241938490259497
11,0.0193080336412874,4,1,10,0.7789,0.073,0.1481,1.0,0.9896173650568183,0.45429132634943176
10,0.034119672059648956,2,1,9,0.1934,0.2318,0.5748,1.925,0.6711279296875,0.39794189453125
12,0.027136555284568056,5,1,1,0.6941,0.2106,0.0953,1.0,1.0,0.6541666666666668
12,0.024031063518157904,2,1,7,0.3037,0.2791,0.4172,4.65,0.47124023437500007,0.5270167032877605
10,0.04791223864276757,3,1,2,0.1389,0.0089,0.8522,1.1,0.7153076171875,0.30562500000000004
